employee_id,building_id,battery_id,column_id,elevator_id,start_date_time_intervention,end_date_time_intervention,Result,Report,Satus
401,3854,761,11296,13497,2018-12-16 15:41:09,2017-11-15 18:34:20,Success,Medium,Resumed
740,2601,8747,8933,19480,2019-08-21 21:37:19,2018-10-05 23:29:34,Success,Medium,Resumed
65,4423,,,,2019-01-15 18:53:07,2019-10-12 04:06:28,Incomplete,,Resumed
582,2815,,,,2020-01-07 11:28:03,2020-03-06 05:08:33,Failure,Difficult,Resumed
625,2791,,,,2018-09-07 08:18:55,2017-08-17 12:51:31,Failure,Difficult,Complete
276,1272,3680,18042,1616,2017-08-06 06:25:50,,Success,Easy,InProgress
163,2490,,,,2018-06-30 11:19:47,2018-04-28 12:40:08,Failure,Easy,Interrupted
466,2751,8592,5710,40371,2017-11-04 10:14:38,2017-05-22 17:10:54,Success,,Interrupted
363,3588,,,,2020-01-03 20:56:26,2017-07-10 18:23:26,Failure,Easy,Complete
935,4951,4814,1968,20292,2017-08-21 20:38:22,2020-02-17 02:23:51,Success,,Resumed
46,4869,6266,15726,17970,2019-12-15 10:36:48,2019-02-03 22:29:23,Failure,Difficult,Resumed
49,1273,7058,17646,11203,2019-11-25 09:30:38,2019-02-18 20:16:32,Failure,Medium,Resumed
64,3139,7343,396,897,2018-03-24 16:02:34,2019-06-05 20:24:28,Success,Medium,Complete
711,3520,5867,19250,1336,2018-01-22 00:41:37,2017-05-12 20:03:29,Success,,Resumed
524,2160,1866,10417,27760,2019-10-22 15:08:16,,Incomplete,Difficult,Pending
348,2511,2506,3911,1224,2019-12-28 22:37:26,2017-04-11 13:19:10,Incomplete,Easy,Pending
682,3822,7997,524,36334,2018-07-21 08:59:58,,Success,Easy,InProgress
872,1936,7441,18949,25250,2019-05-04 00:49:04,2020-03-03 00:33:00,Incomplete,Medium,Resumed
41,2186,3286,14031,10802,2019-02-07 21:34:30,2017-06-26 02:02:06,Incomplete,Difficult,Interrupted
468,1593,,,,2019-10-06 04:28:44,2017-07-05 05:01:35,Success,Easy,Interrupted
4,953,,,,2019-06-10 21:55:47,,Success,Medium,Resumed
332,4414,,,,2019-07-05 23:30:51,2018-02-07 22:04:17,Incomplete,Easy,Interrupted
110,3628,,,,2018-06-06 01:20:41,2019-10-01 20:44:25,Incomplete,,Resumed
855,304,6396,12626,33975,2019-02-25 03:13:35,2018-06-12 15:56:11,Incomplete,Difficult,Resumed
358,4642,,,,2018-09-08 23:36:34,,Success,Easy,Pending
715,1601,,,,2017-05-22 13:07:19,2018-10-28 18:35:51,Success,Easy,Pending
471,4196,3307,1742,46706,2017-07-16 20:10:54,2018-05-28 05:55:55,Incomplete,,Complete
154,2108,,,,2018-08-03 22:29:19,,Failure,,Pending
665,2630,,,,2019-12-26 08:20:55,2020-03-09 18:17:31,Success,Medium,Pending
728,1931,6100,10698,42298,2017-04-28 16:59:44,2019-05-31 12:46:34,Success,,Pending
785,2842,,,,2017-09-03 00:55:50,2019-05-25 13:00:09,Success,Difficult,Complete
171,2055,99,17313,16413,2017-06-06 09:07:20,2019-06-13 12:24:41,Incomplete,Difficult,Interrupted
846,3050,4944,5264,36649,2018-01-03 13:46:28,2019-09-10 02:02:54,Incomplete,Medium,InProgress
826,53,7319,2054,15063,2018-02-14 18:06:25,2020-02-09 14:32:49,Success,Medium,InProgress
582,4668,,,,2018-08-10 11:34:01,2017-10-08 12:49:05,Incomplete,Medium,Pending
672,554,,,,2017-11-22 17:50:32,2018-10-05 20:15:02,Failure,,Interrupted
773,1050,,,,2019-09-03 20:38:46,,Failure,Medium,Pending
309,620,,,,2019-10-10 18:34:18,2017-09-21 20:39:50,Failure,Medium,Pending
695,2233,,,,2019-07-08 01:59:06,2020-02-27 17:31:33,Incomplete,Medium,Complete
375,2834,,,,2020-03-03 14:36:46,,Success,Difficult,Pending
375,1881,8147,2847,46615,2018-09-14 08:41:31,2017-04-20 16:19:39,Failure,Difficult,InProgress
337,3426,1023,5696,40939,2017-07-04 21:08:27,2019-03-12 02:26:58,Incomplete,Medium,InProgress
350,4128,,,,2018-07-25 16:58:59,2018-02-22 16:41:57,Failure,Easy,Pending
380,3753,,,,2017-06-07 01:11:15,2018-09-17 05:11:05,Incomplete,Medium,Pending
524,3372,9144,14848,19358,2017-05-20 21:25:01,,Failure,Difficult,Interrupted
425,4103,829,13778,28456,2018-11-17 04:33:36,,Success,Difficult,Pending
580,4356,4483,6536,31286,2017-12-02 06:03:06,2020-03-23 07:04:39,Incomplete,,Complete
241,2516,,,,2018-06-24 16:33:29,2018-07-07 14:08:55,Success,Difficult,Resumed
757,3442,9458,2033,17572,2017-12-15 13:52:35,2019-12-22 11:52:01,Incomplete,Difficult,Complete
196,1734,,,,2017-10-10 01:12:02,2019-06-04 05:38:47,Incomplete,Difficult,Complete
766,2732,,,,2018-01-28 07:17:10,,Incomplete,Easy,InProgress
93,4801,6924,8235,25616,2020-01-06 09:30:51,2018-11-09 15:27:10,Success,Difficult,Resumed
32,1836,,,,2018-02-19 15:44:09,2019-10-24 02:21:59,Incomplete,Difficult,Pending
18,105,,,,2020-01-31 22:54:56,2018-12-19 22:49:07,Success,Medium,InProgress
275,3423,3677,17630,17653,2019-09-12 06:29:11,,Success,Difficult,InProgress
100,33,,,,2018-12-03 11:15:00,,Failure,Difficult,Complete
482,2035,8677,11344,40948,2018-04-18 23:26:42,,Failure,Easy,Interrupted
280,562,2686,8547,30136,2019-11-04 01:47:34,2020-02-17 02:35:49,Failure,Easy,Interrupted
944,532,,,,2019-04-19 11:34:36,2017-08-10 14:37:19,Success,Easy,Complete
650,1648,,,,2017-04-13 06:18:57,,Incomplete,Medium,InProgress
724,1859,,,,2017-06-14 04:16:09,,Incomplete,Easy,Resumed
848,3562,5943,11904,39670,2020-01-08 07:23:15,,Failure,Easy,Resumed
296,3321,,,,2018-08-22 16:13:30,2019-12-21 18:38:02,Failure,Medium,InProgress
298,2462,,,,2017-06-08 11:32:18,2017-11-05 08:32:05,Incomplete,Easy,InProgress
384,4584,4215,9922,38884,2017-04-23 11:24:56,2017-07-04 23:16:32,Failure,Difficult,Resumed
2,3611,1638,15384,37609,2019-04-03 18:38:36,2018-05-17 02:50:23,Success,Difficult,Complete
386,231,,,,2019-11-14 19:42:56,2018-08-03 22:53:12,Failure,Difficult,Complete
569,3207,3245,133,20827,2019-07-16 11:26:29,2017-11-04 10:31:42,Success,Medium,Interrupted
690,327,,,,2019-11-17 15:18:47,,Success,Easy,InProgress
558,703,9705,8628,2091,2018-08-10 01:20:53,2020-02-23 09:51:37,Failure,,Resumed
643,4964,8314,17325,16431,2019-11-12 00:51:08,2018-08-31 23:22:56,Success,Difficult,Pending
25,4735,3532,3048,27079,2019-03-06 12:06:59,2019-08-26 06:02:00,Incomplete,Medium,Pending
828,2910,,,,2020-01-28 08:41:50,,Failure,Difficult,InProgress
682,3657,4205,17645,10030,2018-08-06 00:25:01,2018-07-11 13:02:34,Incomplete,Medium,Pending
177,177,,,,2017-09-21 01:57:45,,Failure,Difficult,Complete
366,1180,6581,6228,5221,2017-10-16 03:10:33,2017-05-28 02:44:56,Success,Medium,Complete
588,529,3411,15788,11588,2019-04-23 08:44:47,,Incomplete,Difficult,Complete
215,2737,951,13958,22108,2020-02-21 19:41:58,2017-08-19 03:14:34,Success,Easy,Resumed
961,2432,7100,19946,23352,2018-01-18 11:05:20,2018-10-24 22:53:19,Incomplete,Medium,Resumed
952,3415,,,,2017-12-14 08:37:26,,Incomplete,Easy,Interrupted
991,589,6857,11309,13304,2017-09-04 21:42:41,2019-12-22 12:39:14,Incomplete,Medium,Interrupted
52,4642,8189,13337,32303,2019-10-07 18:26:16,,Incomplete,Easy,Interrupted
88,2924,,,,2018-07-05 02:32:26,2017-10-18 01:58:37,Success,Difficult,Resumed
643,4019,,,,2017-07-09 15:06:05,2017-12-05 09:35:10,Failure,,Interrupted
400,1448,1687,3208,11064,2019-04-18 08:19:16,2019-03-24 04:24:37,Failure,Difficult,Interrupted
846,973,1853,11854,9954,2019-09-05 21:00:46,,Success,Medium,Complete
457,401,,,,2019-10-11 04:19:02,,Incomplete,Medium,Complete
286,1930,,,,2018-03-22 19:28:24,2019-10-15 03:49:07,Failure,Medium,Interrupted
986,298,,,,2018-04-18 01:31:32,2018-02-15 23:53:20,Incomplete,,Pending
638,94,,,,2017-07-01 18:10:17,2020-01-20 22:02:16,Success,Easy,Pending
652,990,5767,15900,45153,2019-04-15 10:20:36,2018-06-08 15:05:31,Success,,Pending
556,3966,,,,2019-09-02 08:10:22,,Success,Medium,Interrupted
774,3027,,,,2018-03-20 08:58:01,,Incomplete,Difficult,Pending
4,229,8518,15334,27283,2019-04-19 01:33:26,2018-02-18 15:58:06,Success,,Complete
685,2111,7020,18704,25253,2017-07-13 20:23:15,2018-11-18 22:29:52,Incomplete,Easy,Complete
684,1156,6494,43,40417,2019-08-13 08:43:08,2020-01-12 13:35:42,Incomplete,Difficult,Pending
882,3691,7162,6539,540,2018-10-16 08:05:26,2018-07-19 15:11:24,Incomplete,Medium,Pending
167,2299,,,,2018-05-27 21:00:51,2018-09-27 16:48:54,Success,,Pending
48,3149,5834,5034,41438,2020-02-15 15:54:04,2017-12-23 07:27:09,Incomplete,Medium,Resumed
341,2086,2103,3991,33420,2019-02-15 01:47:35,,Failure,Medium,Pending
769,4768,6406,18070,25517,2017-10-23 22:35:31,,Incomplete,Medium,Interrupted
973,20,6486,10937,40359,2019-09-14 03:02:53,2019-12-01 21:48:31,Success,Easy,InProgress
455,1255,4394,5622,9441,2017-09-18 20:02:01,,Success,,InProgress
16,1289,,,,2019-10-22 19:55:48,2018-02-17 18:31:34,Success,Easy,Interrupted
663,1005,,,,2018-10-18 10:34:56,2017-05-04 13:24:07,Success,Difficult,Interrupted
408,1749,4166,18850,8366,2018-04-16 14:49:00,2019-05-16 20:25:00,Incomplete,,Interrupted
877,3652,4675,3965,39199,2019-04-28 00:40:54,2018-02-27 14:22:33,Incomplete,Medium,Complete
416,3565,,,,2017-09-18 04:15:56,,Incomplete,Medium,Resumed
241,227,,,,2017-08-01 18:25:35,2018-12-07 17:35:29,Success,Medium,Pending
458,4316,,,,2017-10-07 05:10:39,2019-09-28 14:14:09,Success,Difficult,Pending
731,4626,,,,2018-01-29 13:58:35,2017-04-30 20:18:06,Failure,,Pending
55,550,5505,11513,16896,2019-05-06 03:35:50,2018-10-12 11:22:42,Failure,Easy,Pending
579,200,381,8642,15628,2019-11-24 05:19:09,,Incomplete,,Interrupted
712,4597,3365,154,48631,2017-07-10 19:13:16,2019-07-05 04:11:28,Failure,Difficult,Pending
870,364,,,,2019-05-15 03:37:01,2017-04-21 19:02:40,Success,Difficult,InProgress
918,359,6746,13441,35303,2018-06-21 12:53:52,2018-07-31 04:05:48,Failure,Medium,Pending
93,2679,,,,2018-12-09 05:30:51,2017-05-29 17:39:26,Success,,Complete
235,1745,4822,8715,31449,2019-01-24 01:07:53,2017-07-22 13:38:38,Incomplete,Difficult,InProgress
342,1274,,,,2019-10-09 16:50:49,2017-12-25 04:24:07,Incomplete,Easy,Resumed
684,4515,1791,8389,43394,2017-06-07 01:59:01,,Failure,Easy,Pending
106,3579,69,18515,38867,2020-01-03 01:30:02,,Success,Difficult,InProgress
542,1606,9004,12668,101,2018-01-18 14:06:53,,Incomplete,Medium,Resumed
566,523,1584,17297,26163,2017-09-11 13:58:11,2018-12-09 02:19:11,Success,Easy,InProgress
788,896,6930,12300,38283,2019-05-29 02:25:56,2018-08-22 19:45:19,Failure,Difficult,InProgress
299,1935,4449,19834,49853,2018-10-09 13:53:32,,Failure,Easy,InProgress
693,269,,,,2019-01-20 14:19:14,,Success,Easy,Interrupted
692,644,5919,4167,39469,2018-07-25 22:03:43,2017-11-21 09:47:31,Failure,Easy,Complete
251,3977,7597,9349,14639,2018-03-24 17:41:01,2017-07-05 16:50:17,Failure,Medium,InProgress
862,3587,,,,2019-07-30 21:54:36,2019-01-12 10:52:22,Incomplete,Medium,InProgress
920,2392,5158,16081,476,2019-08-18 10:58:30,,Incomplete,Medium,Pending
543,236,4015,8171,31439,2019-06-17 16:45:35,2020-01-11 18:17:32,Success,Medium,Resumed
126,4868,2784,10942,35635,2017-06-15 04:53:04,,Success,,InProgress
370,901,2002,8671,41838,2017-12-03 11:09:14,2019-03-11 06:38:45,Failure,Medium,Complete
358,4545,2928,8668,22382,2020-03-08 15:38:13,2018-09-19 06:24:53,Incomplete,Difficult,Interrupted
295,2996,4987,15147,17996,2017-08-03 09:26:14,2018-12-12 11:41:31,Incomplete,Easy,Complete
89,2139,4256,15102,38913,2018-11-07 17:08:47,2017-06-21 12:27:27,Success,Medium,InProgress
611,4762,4977,18989,41202,2019-02-05 12:19:48,2017-09-09 04:06:51,Success,,Complete
660,492,,,,2018-11-30 13:03:29,,Success,Difficult,Complete
730,1065,1200,16951,48719,2017-04-02 20:26:52,2020-02-23 03:13:54,Incomplete,Difficult,Pending
557,613,,,,2018-08-23 05:40:16,2018-10-15 15:48:06,Incomplete,Difficult,Resumed
27,1030,,,,2018-02-18 13:15:32,,Failure,Medium,InProgress
31,2764,,,,2017-04-23 23:14:59,,Incomplete,,Complete
364,2580,6687,6758,48304,2020-03-10 07:15:06,2017-08-10 23:15:30,Failure,Easy,Resumed
286,1349,8457,19941,3559,2019-07-19 14:51:38,2018-03-21 08:59:01,Success,Difficult,Interrupted
501,4647,567,1587,1397,2019-08-24 22:23:41,2018-12-04 13:03:56,Incomplete,Difficult,Pending
485,2862,,,,2017-10-11 01:38:19,2017-09-11 19:33:18,Success,,Pending
687,4270,,,,2018-04-28 14:36:11,2017-06-10 14:23:33,Success,Medium,InProgress
34,3163,4321,18875,45475,2019-05-04 06:38:58,2017-07-14 00:45:29,Failure,Easy,Pending
810,4489,1659,10079,28103,2018-05-17 14:09:05,2018-02-02 01:22:49,Failure,,InProgress
819,2884,,,,2017-11-14 06:40:24,2018-01-20 07:26:09,Success,Difficult,Complete
867,368,6004,10653,40653,2020-02-29 09:10:00,,Success,,Complete
840,4782,5055,10976,49412,2019-12-28 04:06:49,2017-12-09 11:24:31,Failure,Medium,Complete
393,1520,4594,16516,36113,2017-04-06 20:37:16,2018-07-01 14:04:00,Incomplete,,Resumed
485,4354,,,,2019-04-04 01:25:01,2019-03-14 03:38:20,Failure,Medium,Pending
673,4157,,,,2018-04-12 06:26:06,2019-12-31 23:12:51,Success,Easy,Interrupted
467,4203,8632,1962,22076,2019-12-05 06:42:30,,Failure,,Resumed
594,1293,9854,18390,17985,2017-05-05 04:31:33,2018-09-21 11:08:58,Failure,Difficult,Resumed
673,3875,3292,12650,32376,2018-12-27 23:40:53,2019-12-08 14:37:30,Incomplete,,InProgress
696,2918,7985,17127,19647,2019-04-13 12:16:07,,Failure,Easy,Interrupted
196,3717,2908,4260,28005,2017-09-09 17:08:33,2018-08-14 16:17:52,Failure,Easy,Interrupted
934,1940,8543,10964,23496,2017-05-20 16:00:23,2018-06-28 12:04:15,Failure,Easy,Complete
793,3291,,,,2020-02-14 19:21:44,2019-12-31 06:01:55,Incomplete,Difficult,Complete
990,3860,,,,2019-12-16 05:17:34,2019-07-20 10:24:35,Incomplete,Easy,Interrupted
668,3672,,,,2017-08-16 06:26:52,2018-08-06 15:26:14,Incomplete,,Interrupted
215,4202,3613,7594,42624,2019-09-21 21:20:18,2017-06-18 04:50:37,Incomplete,Easy,InProgress
857,1226,4489,19448,46594,2017-10-27 01:53:27,2019-12-07 17:50:58,Failure,,Pending
754,329,5923,6255,42273,2018-09-02 12:35:50,2019-03-12 19:09:43,Failure,Difficult,Interrupted
792,157,1904,2549,45330,2020-03-11 21:00:27,2018-09-25 18:41:41,Success,Medium,Complete
665,841,3124,927,41733,2019-01-01 00:19:52,2017-09-09 15:41:46,Success,Medium,Pending
91,2787,,,,2017-07-20 15:32:07,2019-04-04 20:36:14,Failure,Difficult,Pending
318,2326,8437,9396,20173,2020-03-15 02:43:15,2019-01-24 23:07:06,Incomplete,Easy,InProgress
791,3915,4847,17925,17907,2018-12-29 09:38:47,,Incomplete,Medium,Resumed
770,131,3378,19690,19872,2020-01-31 07:37:34,2019-05-19 15:15:16,Success,Difficult,Complete
629,3056,,,,2017-08-08 01:52:26,2018-10-14 23:48:25,Failure,Medium,Resumed
190,4923,,,,2019-07-04 13:41:26,2019-12-31 07:25:43,Success,,Resumed
435,3955,,,,2018-02-16 05:39:53,2017-11-22 22:44:34,Incomplete,Medium,InProgress
449,2075,7916,12079,41655,2019-02-09 09:24:29,2018-03-13 07:02:08,Incomplete,Easy,Complete
744,2255,1715,342,44964,2019-08-12 17:15:56,2017-08-10 22:18:45,Failure,,Interrupted
700,2061,,,,2018-01-30 00:50:58,2017-08-27 00:36:18,Success,Difficult,Interrupted
728,4650,8079,18442,12669,2019-08-14 04:24:19,,Failure,Medium,Pending
218,2093,647,7850,39501,2019-04-22 19:17:39,2019-01-18 01:38:31,Incomplete,Medium,Interrupted
51,2342,,,,2018-04-24 14:41:18,,Success,Easy,Interrupted
171,2691,411,12660,46235,2019-07-06 22:54:25,2018-04-17 18:27:16,Failure,,Pending
186,2811,6433,14649,2873,2017-11-04 22:13:11,2019-11-05 11:27:37,Failure,Difficult,Complete
352,753,5662,260,20887,2019-11-30 15:56:17,,Success,Medium,Interrupted
617,3357,,,,2018-10-05 05:43:00,,Incomplete,Difficult,InProgress
633,1939,5540,15158,4198,2017-08-26 08:57:09,2020-02-19 12:48:04,Success,,InProgress
457,3865,7034,11988,20369,2018-09-13 19:17:55,2018-02-21 08:31:43,Incomplete,Medium,Complete
935,632,,,,2017-11-27 21:45:31,2018-07-04 06:32:06,Incomplete,Difficult,InProgress
4,4308,,,,2018-10-22 18:30:31,2019-04-24 00:03:32,Success,Medium,Pending
460,2262,5174,728,46409,2017-07-21 17:14:53,,Success,Easy,Interrupted
472,1332,,,,2017-07-26 12:08:55,2018-01-17 18:14:04,Incomplete,Medium,Pending
714,962,,,,2018-12-01 19:01:55,2018-02-22 14:47:45,Incomplete,Difficult,Interrupted
937,4990,1459,11464,33599,2019-10-05 07:51:38,2019-07-30 11:36:08,Success,Difficult,Complete
268,3174,,,,2017-11-30 15:16:51,,Success,Difficult,Interrupted
853,87,7110,18475,13672,2018-12-05 21:33:33,2017-04-19 18:11:16,Incomplete,Difficult,Complete
448,2984,,,,2017-06-20 11:27:14,2020-03-18 14:02:28,Incomplete,,Pending
572,2330,,,,2019-10-07 18:20:51,2018-12-27 17:33:26,Incomplete,Difficult,Complete
261,3380,9731,16310,40922,2018-06-20 07:56:48,2018-09-30 05:06:16,Failure,,InProgress
839,3672,,,,2019-05-08 06:11:57,2017-05-03 18:26:28,Success,Medium,Resumed
645,4696,3048,16601,21775,2018-12-28 19:32:05,2019-08-08 01:34:50,Failure,Easy,Complete
216,2160,5547,7286,47786,2017-08-07 10:24:49,2019-02-03 08:34:32,Failure,Difficult,InProgress
698,4400,7928,14745,47282,2017-09-10 15:26:49,2019-04-13 11:32:17,Incomplete,Easy,Complete
859,4498,,,,2018-03-16 15:48:39,2019-08-05 08:17:27,Success,Difficult,Interrupted
614,3110,2504,19175,6946,2018-06-17 07:24:28,,Incomplete,Easy,Interrupted
228,3747,,,,2018-11-16 20:57:44,,Incomplete,Medium,Complete
576,1679,,,,2019-11-29 16:44:57,2019-10-24 09:02:20,Incomplete,Difficult,InProgress
315,4739,,,,2020-03-26 19:12:35,2017-06-01 13:47:29,Failure,Difficult,InProgress
254,4142,2328,19828,18723,2017-09-21 17:31:31,2019-06-02 22:33:18,Incomplete,,Complete
293,4880,9015,17122,3720,2018-06-06 23:29:59,,Success,Medium,Interrupted
576,3919,7676,10575,23340,2017-12-26 00:55:40,2018-12-04 18:50:59,Success,Medium,Complete
707,4745,,,,2019-10-30 05:28:21,2018-10-16 00:48:35,Failure,Easy,Pending
630,4210,,,,2017-06-08 14:29:28,2017-11-13 08:05:52,Failure,Medium,Interrupted
276,1589,8406,3788,41778,2018-08-28 07:13:08,2018-04-29 06:29:56,Failure,Easy,Pending
731,2074,,,,2019-01-02 11:23:06,2019-05-16 08:41:43,Failure,Easy,Resumed
743,3236,68,7444,15775,2018-12-07 05:16:57,,Incomplete,Difficult,Complete
983,1977,,,,2018-12-27 16:40:03,,Success,Medium,InProgress
852,2375,2623,5802,39024,2018-10-18 05:19:45,2018-05-28 18:44:24,Success,Easy,InProgress
507,1154,2291,10102,29527,2017-05-12 17:31:26,2017-11-21 08:38:48,Incomplete,,Complete
183,4334,,,,2018-10-04 12:12:37,,Failure,,Complete
223,2892,5162,2204,3752,2019-11-19 22:08:35,2020-03-22 18:16:38,Success,Medium,Interrupted
726,4147,,,,2018-02-11 13:00:13,,Success,Medium,Resumed
801,2841,8526,16352,29283,2017-11-29 01:29:57,2018-08-05 07:37:23,Incomplete,Easy,Interrupted
438,2453,5135,2458,17689,2019-09-30 23:14:35,2017-09-12 10:13:26,Failure,Medium,InProgress
948,193,7958,5137,375,2018-03-20 02:47:00,,Failure,Easy,Resumed
993,1194,,,,2017-05-18 23:30:24,2018-07-29 04:25:59,Success,,Pending
5,593,8983,1326,20995,2018-01-13 18:45:42,2019-05-18 07:38:52,Failure,Easy,Resumed
297,2638,3736,8950,35359,2019-06-14 10:06:17,2017-05-30 02:14:48,Failure,Medium,InProgress
150,3456,,,,2017-10-31 00:26:52,2019-07-10 20:44:09,Incomplete,Easy,Complete
648,511,2637,19708,24187,2018-11-30 04:14:17,2018-09-28 02:30:18,Success,Medium,Complete
838,1696,8878,4502,36320,2019-07-31 01:32:29,,Incomplete,Easy,Interrupted
471,1073,8562,16756,41131,2019-04-14 01:24:05,2017-11-06 06:33:29,Success,Difficult,Interrupted
3,2882,,,,2018-01-05 14:46:24,2017-10-23 00:04:18,Failure,Medium,Pending
952,4745,2541,19435,28527,2020-02-26 14:59:26,2017-10-08 18:15:11,Failure,,Complete
106,4573,4169,1730,39352,2017-06-07 07:05:22,2017-04-29 08:07:57,Incomplete,Difficult,InProgress
569,625,9068,15016,19484,2018-10-27 06:39:12,,Success,Difficult,Resumed
524,1258,4380,19619,35327,2017-11-13 00:08:32,2017-04-20 09:26:06,Failure,Difficult,InProgress
84,3232,,,,2018-04-12 07:41:26,,Incomplete,Difficult,Pending
25,1270,,,,2018-11-08 00:03:15,,Incomplete,Difficult,Interrupted
919,1387,1201,18242,5588,2017-08-20 02:51:36,2020-03-06 21:14:31,Incomplete,Easy,Pending
970,4438,,,,2018-02-25 08:58:15,2017-06-21 17:08:33,Incomplete,Difficult,Resumed
726,600,9571,2803,16527,2017-05-12 12:53:35,2019-08-09 12:20:08,Incomplete,Difficult,Interrupted
248,1661,4991,6675,5586,2017-10-07 05:37:36,2018-09-05 17:24:01,Failure,,Pending
974,3700,8757,919,3276,2018-04-30 17:08:56,2020-03-03 14:40:29,Incomplete,Difficult,Pending
964,64,5786,14742,39821,2019-11-02 08:54:03,2018-08-22 06:32:32,Incomplete,Difficult,InProgress
4,1568,,,,2019-03-05 22:40:51,,Success,Medium,Resumed
109,3780,4192,1229,11885,2019-12-28 20:59:45,2018-01-13 19:28:52,Failure,Difficult,Interrupted
933,3799,,,,2017-06-12 09:22:16,,Success,,InProgress
306,2375,,,,2019-11-21 01:40:10,,Success,Medium,InProgress
327,2131,6618,7089,17660,2017-04-19 22:08:49,,Incomplete,Difficult,Complete
384,617,8545,11718,30740,2019-10-21 13:58:17,2019-10-14 02:42:44,Failure,Easy,Complete
657,1777,9594,15757,4981,2018-07-30 05:20:50,2017-06-30 20:13:49,Incomplete,Easy,Complete
489,4811,7239,2498,6816,2019-06-19 04:53:59,2017-07-22 14:13:50,Success,Difficult,Pending
468,3625,383,18171,3501,2019-07-27 17:23:59,2018-02-27 12:28:50,Incomplete,Medium,Complete
365,128,,,,2017-11-29 04:52:25,2017-09-24 13:35:35,Success,Easy,Interrupted
491,3877,929,9400,11588,2019-11-14 11:51:25,2017-09-27 13:05:36,Incomplete,Medium,Complete
301,2229,,,,2020-01-27 15:15:08,2019-05-19 09:54:03,Success,Easy,Complete
621,4251,9740,7449,685,2019-11-01 16:19:46,2018-07-29 02:12:19,Incomplete,Easy,Pending
932,4798,,,,2019-08-16 15:21:37,2018-12-25 16:25:28,Failure,,Interrupted
962,1023,,,,2019-10-26 17:45:42,2018-09-06 16:43:42,Failure,Difficult,Pending
70,952,6484,16067,28835,2018-06-07 20:36:07,2019-10-11 08:18:14,Success,,InProgress
548,743,8842,1652,24,2017-04-03 04:34:24,2019-01-22 22:25:15,Incomplete,Difficult,InProgress
614,4584,,,,2018-04-01 23:52:50,2018-12-30 07:11:22,Incomplete,Medium,InProgress
422,1942,,,,2018-08-13 02:38:45,2020-02-21 04:39:01,Failure,Easy,InProgress
447,3896,,,,2019-04-04 01:33:40,2019-12-03 09:49:47,Failure,Medium,InProgress
590,4715,,,,2019-03-04 07:09:52,2018-07-17 20:49:47,Incomplete,Medium,Complete
454,2622,,,,2018-09-21 05:17:24,2020-03-18 05:56:01,Failure,Easy,Pending
422,3928,,,,2020-01-19 11:37:24,,Success,Medium,InProgress
622,4717,3586,14637,13391,2018-11-22 18:12:02,,Incomplete,,Resumed
844,3813,6770,18051,27156,2018-02-08 20:42:55,2017-09-13 17:33:38,Incomplete,Medium,Complete
234,177,2786,11401,40231,2018-02-21 07:55:41,2018-06-04 13:05:36,Success,Medium,Pending
4,4685,9017,3658,45920,2018-04-01 13:54:32,,Success,Medium,Pending
1,4850,366,840,11839,2017-10-20 09:04:01,2018-12-27 03:17:12,Incomplete,,Resumed
198,2632,3402,11242,24285,2019-05-25 03:10:01,2019-10-16 02:27:50,Incomplete,Difficult,Resumed
412,4047,4504,10743,13716,2018-08-20 17:15:17,2019-07-22 05:09:55,Success,Difficult,InProgress
934,3909,,,,2018-10-05 13:51:12,,Success,Difficult,Complete
58,4684,9009,18358,23472,2019-03-30 13:19:59,2017-07-10 13:26:22,Failure,Difficult,Resumed
509,3462,,,,2019-11-15 00:41:11,2018-12-25 01:18:05,Failure,,Pending
380,2542,,,,2017-06-25 22:48:44,,Failure,,InProgress
793,4642,1613,18680,26557,2017-05-30 14:14:04,,Incomplete,Difficult,Resumed
65,2657,456,17716,28761,2019-08-22 21:52:52,,Failure,Difficult,Interrupted
403,2386,,,,2018-03-06 18:13:36,2018-01-25 18:25:16,Success,,Pending
479,3221,2051,11498,13354,2018-02-15 13:46:36,2018-01-11 13:11:54,Incomplete,,InProgress
957,3527,6795,6852,32642,2018-12-03 04:12:06,2018-09-17 05:20:36,Success,,Pending
36,3797,,,,2017-06-05 18:17:45,2018-06-24 06:23:33,Incomplete,Difficult,Resumed
475,2326,7258,13530,30868,2018-12-09 20:10:40,2019-10-11 23:30:41,Success,Easy,InProgress
50,1068,6087,11304,13893,2020-02-19 18:54:38,2019-02-17 05:37:51,Failure,Easy,Pending
128,414,9221,11038,29834,2017-03-31 17:53:39,2017-11-15 06:29:32,Incomplete,Difficult,Complete
641,3245,8495,5744,28057,2018-03-15 19:52:44,2019-07-08 06:27:20,Success,Medium,Interrupted
32,1598,1167,15321,10961,2019-12-22 03:29:51,2019-08-24 13:07:22,Incomplete,,Interrupted
146,355,6501,2315,10985,2017-04-23 17:29:44,,Success,Difficult,Pending
713,2271,4779,6788,7743,2017-06-23 02:29:09,2019-01-27 09:45:52,Failure,Medium,Resumed
329,4196,,,,2020-01-10 02:09:56,2019-11-11 04:21:43,Failure,Easy,Pending
662,3100,,,,2019-08-10 01:06:44,,Incomplete,Medium,Pending
402,1398,,,,2019-06-04 20:07:16,2018-05-06 20:51:22,Success,Medium,InProgress
291,784,,,,2018-08-15 12:08:46,2018-08-29 12:45:39,Success,,Complete
351,2667,8654,2416,47579,2019-12-10 18:08:13,2018-02-24 17:28:26,Incomplete,,Complete
456,2614,8824,1711,36542,2018-08-22 17:45:02,2018-11-03 04:56:33,Incomplete,Easy,InProgress
170,4099,5011,6280,265,2018-05-12 19:55:02,2017-06-08 23:31:30,Incomplete,Difficult,Resumed
989,2719,,,,2019-05-15 21:54:35,,Success,Medium,Resumed
723,2448,7396,572,34690,2019-03-25 23:15:22,2019-07-24 11:02:40,Incomplete,,Pending
529,1401,7763,12639,22028,2020-03-26 06:45:58,2018-06-12 08:08:57,Incomplete,Medium,Complete
726,1319,5671,18099,15479,2018-04-03 14:51:38,2019-02-22 20:51:42,Success,,Complete
897,4843,3532,14494,2995,2018-04-28 23:56:40,,Failure,,Resumed
1,103,5662,18020,18267,2019-04-25 19:58:17,2019-01-02 19:41:42,Success,Medium,Pending
457,82,,,,2018-04-26 07:53:32,2018-02-11 00:08:57,Failure,Difficult,Interrupted
633,1436,,,,2020-03-07 08:50:19,,Incomplete,Easy,InProgress
172,3916,,,,2019-01-24 00:37:41,2018-11-09 02:03:58,Incomplete,Easy,Resumed
181,1448,8884,1571,18886,2019-02-13 00:39:06,2020-01-30 09:02:22,Incomplete,Difficult,Complete
699,2600,1568,1507,23464,2018-09-07 20:47:32,2019-10-19 09:52:41,Failure,,InProgress
676,3213,1836,19164,40507,2018-07-03 08:28:55,2017-05-10 17:45:16,Success,Easy,Pending
718,3967,6965,12182,7201,2019-02-24 05:28:26,2017-05-06 14:51:34,Failure,,Complete
617,1688,9007,2589,32785,2019-12-13 22:53:16,2018-07-22 22:24:46,Incomplete,Medium,Pending
881,4938,,,,2019-12-10 09:59:06,2019-05-05 23:09:33,Failure,Difficult,Pending
690,1146,,,,2019-03-11 19:11:02,,Failure,,Resumed
6,4839,3149,15173,3913,2017-07-08 11:36:13,2020-02-15 19:47:36,Success,Difficult,Complete
916,3735,3913,14114,38514,2018-12-08 10:26:15,2018-11-28 10:07:14,Failure,Difficult,Pending
763,1529,,,,2018-04-03 14:53:09,2018-10-31 19:55:25,Success,Difficult,InProgress
265,566,6947,14861,13590,2018-02-24 15:51:41,2019-11-21 08:07:25,Success,Difficult,Complete
719,1740,,,,2018-06-04 14:16:48,2018-12-22 16:15:44,Incomplete,Easy,Complete
765,666,7615,11101,28100,2017-09-18 05:45:21,,Failure,,Interrupted
520,3812,9256,7893,12629,2018-01-03 08:22:09,2018-10-28 06:05:11,Failure,Difficult,InProgress
790,3081,,,,2017-11-07 07:58:29,2019-01-21 10:17:48,Success,Difficult,Pending
340,2954,8982,13675,7130,2018-06-29 10:41:01,,Incomplete,Difficult,Resumed
764,1026,4970,3412,3142,2017-09-13 20:56:19,2017-10-17 00:10:23,Failure,Difficult,Pending
299,953,,,,2017-06-28 05:25:38,2017-12-23 02:25:05,Incomplete,Medium,Complete
330,371,6294,9611,48574,2019-07-26 08:56:27,,Success,Medium,InProgress
285,1184,9605,15973,24286,2019-06-24 02:57:51,2017-08-11 04:08:29,Incomplete,Easy,Pending
41,1650,2842,13944,38280,2019-11-03 14:34:26,2018-06-21 14:59:47,Failure,Easy,Pending
895,2535,7301,16145,46279,2020-01-29 22:59:42,2018-11-14 19:21:36,Success,Medium,InProgress
743,724,3925,2088,48648,2018-04-25 23:40:59,,Failure,Medium,Complete
735,3051,,,,2017-06-14 12:11:49,,Success,Difficult,Complete
826,912,4378,8523,978,2019-09-13 07:02:43,2017-07-25 20:29:57,Success,Difficult,InProgress
261,3820,,,,2019-08-18 15:03:41,2018-03-02 18:50:24,Incomplete,,InProgress
164,4745,,,,2019-12-22 17:28:59,2020-01-28 18:15:34,Success,,Resumed
435,4469,4110,11733,18610,2017-12-05 08:48:09,2017-11-08 06:47:28,Incomplete,Difficult,Interrupted
623,2556,199,3791,48599,2018-03-02 22:43:03,2019-03-29 01:58:29,Success,,Complete
602,1196,,,,2020-02-24 06:16:07,,Incomplete,,InProgress
519,2022,,,,2018-11-02 06:52:10,,Success,Easy,Pending
446,53,,,,2019-10-17 15:39:38,,Incomplete,Difficult,InProgress
76,4703,,,,2017-07-02 05:42:46,2018-04-08 20:20:08,Incomplete,Medium,Pending
613,2883,2593,14372,1250,2018-04-06 13:04:56,2018-12-17 02:09:42,Failure,,Interrupted
290,4169,3188,2486,4355,2018-12-14 11:03:33,2017-06-19 15:35:51,Failure,Difficult,Interrupted
796,4438,5523,18000,49153,2018-01-25 04:44:07,,Incomplete,Easy,Interrupted
947,4020,7164,18147,131,2018-02-04 17:57:43,2018-10-30 00:03:57,Success,Difficult,Pending
204,3372,,,,2020-03-03 08:21:07,2017-05-19 08:59:05,Incomplete,Difficult,Interrupted
330,4146,9753,19946,48102,2020-01-11 11:40:56,2017-09-10 15:07:41,Success,Difficult,Pending
50,3473,,,,2019-07-20 13:28:08,2018-12-03 17:14:37,Incomplete,Easy,InProgress
632,4768,24,19909,13595,2017-08-31 05:47:43,2019-09-11 00:35:24,Incomplete,Difficult,Pending
246,3128,5240,17201,12746,2019-03-01 05:08:41,,Failure,Difficult,InProgress
222,2986,,,,2017-08-11 15:36:07,,Success,,Resumed
256,1818,2536,1114,48503,2019-09-15 21:09:06,,Incomplete,,Pending
220,4636,4447,8650,43248,2017-10-31 22:21:49,,Incomplete,Medium,InProgress
107,1964,6022,3432,22369,2018-11-14 07:26:39,,Success,Easy,Complete
48,3096,503,2577,46718,2017-08-17 05:14:35,2018-01-17 17:48:46,Incomplete,Difficult,Resumed
962,451,,,,2017-07-06 09:47:29,2019-09-27 06:51:46,Success,Difficult,Interrupted
825,1045,4583,7190,41109,2018-08-29 20:56:18,2017-06-06 00:00:53,Success,Easy,Pending
751,1103,5487,5144,43629,2018-07-16 21:24:05,2018-12-31 03:43:40,Success,Difficult,Complete
661,4831,,,,2018-06-29 04:37:53,2018-05-21 11:49:24,Incomplete,Easy,Complete
80,1672,4511,3578,39841,2018-12-24 03:46:12,,Success,Difficult,Resumed
83,691,,,,2020-03-22 19:16:15,2017-11-06 08:34:30,Incomplete,Easy,Resumed
964,3213,5395,6403,46340,2018-06-13 09:51:49,2017-06-28 00:08:23,Failure,Medium,Interrupted
709,847,1965,2896,39050,2018-01-12 02:05:20,2017-07-08 10:47:36,Failure,,Complete
963,732,9511,15030,41034,2017-06-29 20:15:51,2019-12-26 04:10:58,Failure,Easy,Interrupted
245,2922,,,,2018-12-23 02:19:55,2017-08-27 12:36:58,Incomplete,Easy,Interrupted
463,2990,3759,9505,28130,2018-06-30 12:43:52,2019-01-10 11:26:14,Success,Medium,Resumed
443,1247,6126,12114,14130,2018-12-03 12:17:01,2019-04-13 13:45:30,Success,Medium,Pending
367,3037,1560,12826,30247,2018-11-26 07:27:23,2018-05-10 21:41:52,Failure,Easy,Interrupted
233,306,1442,19495,13279,2019-02-12 11:23:07,,Failure,Difficult,Complete
935,4253,,,,2018-08-02 07:17:50,,Incomplete,Medium,Resumed
507,1334,,,,2017-10-01 17:05:41,2018-05-14 09:26:09,Incomplete,Easy,Resumed
312,3562,5221,631,43940,2017-09-02 20:30:27,,Success,Easy,InProgress
573,303,,,,2018-02-26 19:33:34,2018-08-22 22:14:57,Success,Easy,Interrupted
184,763,,,,2017-10-22 01:13:56,2017-10-22 16:23:49,Failure,Easy,Interrupted
404,544,2732,1435,26585,2019-02-04 21:21:29,2019-12-14 21:06:24,Incomplete,Medium,Resumed
730,4548,3911,1949,14605,2017-04-16 04:06:10,2020-02-24 03:32:51,Success,Medium,Resumed
616,218,,,,2017-08-18 09:20:37,2018-11-15 13:37:29,Incomplete,Difficult,Pending
453,4710,2635,3807,34626,2017-11-03 14:27:36,,Failure,Medium,Resumed
349,2737,,,,2018-05-19 00:38:53,2020-01-25 17:18:27,Failure,,Pending
403,1925,,,,2018-12-30 07:32:06,,Failure,Medium,InProgress
488,3892,3997,15297,30512,2019-09-28 13:46:32,2019-07-21 03:09:11,Failure,Medium,Pending
573,3888,7246,17456,18601,2019-05-19 01:13:44,2019-01-14 11:01:13,Incomplete,Difficult,Pending
387,4901,,,,2018-03-01 14:52:51,2020-03-02 02:17:04,Success,Difficult,Interrupted
765,1507,6945,11032,45992,2020-01-07 08:10:59,2020-03-19 04:22:35,Failure,Easy,InProgress
244,2802,1539,10482,31482,2017-07-25 23:59:00,2018-11-12 16:27:34,Failure,Easy,Resumed
545,4037,,,,2018-03-09 02:50:18,,Success,,InProgress
152,4364,,,,2020-03-06 03:27:41,,Failure,Medium,Pending
443,2782,,,,2020-01-12 18:06:56,2019-07-05 13:49:07,Success,Difficult,Interrupted
919,2405,8997,13141,45458,2019-12-22 01:50:49,2018-08-07 13:11:00,Failure,Difficult,InProgress
748,1970,447,15596,44847,2020-03-07 05:58:42,,Failure,Difficult,Complete
860,921,2878,11859,32875,2017-06-12 21:15:46,2018-03-13 18:00:34,Failure,,Resumed
20,1564,1613,3739,39247,2020-02-18 08:34:22,2017-04-18 05:13:52,Success,Medium,Resumed
995,1456,,,,2019-03-24 23:42:02,,Incomplete,,InProgress
213,2368,,,,2018-07-30 11:53:54,,Failure,,InProgress
601,1634,,,,2018-03-17 17:18:08,,Failure,Difficult,Pending
414,3143,,,,2019-11-21 04:45:18,2017-10-17 00:38:38,Failure,Easy,Interrupted
131,2615,,,,2019-09-06 04:51:12,,Success,,InProgress
494,926,2767,12115,35582,2019-04-28 03:09:05,2017-10-18 07:48:36,Success,Easy,InProgress
796,3943,7519,7109,12654,2017-10-29 21:50:52,,Failure,Difficult,InProgress
786,4892,9613,10859,26258,2019-04-14 18:14:09,,Success,Easy,InProgress
399,3146,2221,16798,41097,2019-07-28 05:18:19,2019-09-30 17:21:04,Incomplete,Medium,Resumed
484,3275,788,10091,46620,2017-06-03 05:58:12,,Success,Difficult,InProgress
766,4810,3319,11047,26539,2019-09-01 19:39:31,2018-11-03 21:08:52,Incomplete,,Resumed
296,1713,,,,2019-05-16 09:44:15,2019-04-02 05:51:26,Incomplete,,Pending
487,1283,130,7008,18783,2019-11-24 19:30:35,,Incomplete,Medium,Complete
358,3752,3987,13319,14872,2017-08-29 09:11:57,2018-03-09 01:11:52,Success,Difficult,Complete
638,3309,4463,8730,29875,2017-10-25 11:42:35,2018-08-02 14:48:46,Incomplete,Medium,Interrupted
508,1487,8116,12003,40084,2020-01-26 20:27:03,2018-12-18 21:20:07,Failure,Medium,Complete
630,4216,,,,2019-09-08 19:33:13,2017-04-21 17:48:33,Incomplete,,Pending
790,315,,,,2017-04-03 04:12:36,2018-01-27 08:36:00,Failure,Easy,Pending
730,3190,,,,2017-11-17 20:08:03,,Failure,Easy,Complete
374,3117,9131,16226,3559,2017-04-10 17:45:19,,Incomplete,Medium,Interrupted
895,3186,,,,2018-04-24 05:08:56,2017-07-15 05:08:57,Incomplete,Difficult,Resumed
352,2766,,,,2019-12-28 02:29:42,2018-06-06 22:52:52,Failure,Medium,InProgress
739,504,3563,3213,43334,2019-05-30 22:29:11,2019-06-22 17:56:49,Failure,Medium,InProgress
867,4354,,,,2017-11-19 16:00:07,2018-09-16 02:13:36,Success,Medium,Resumed
274,3293,,,,2019-05-08 05:03:26,2018-07-23 23:37:43,Failure,,Pending
268,1065,3868,16126,9054,2018-12-05 05:26:33,2017-03-31 00:49:09,Failure,Difficult,InProgress
462,504,,,,2019-06-22 03:32:11,2019-12-11 08:40:38,Failure,Difficult,InProgress
799,2740,361,8559,10949,2017-08-27 18:58:35,,Failure,Easy,InProgress
405,1849,6055,11331,31199,2020-03-08 01:02:32,2018-02-18 06:28:06,Success,Medium,InProgress
270,1450,6115,1211,38108,2019-09-07 17:07:19,2017-06-18 09:14:41,Failure,Easy,Pending
401,2584,,,,2018-05-29 21:34:22,2019-01-24 03:45:56,Failure,Easy,InProgress
608,3203,,,,2017-05-10 18:17:20,2017-06-21 07:44:39,Success,Difficult,Resumed
251,2314,,,,2018-03-21 22:26:02,2019-10-09 22:21:10,Incomplete,Easy,Complete
543,2291,9362,6482,6634,2018-07-01 23:39:17,2018-09-21 21:32:16,Failure,Easy,Resumed
515,3504,6714,7318,32264,2019-10-25 12:21:48,2017-04-18 21:30:57,Incomplete,Difficult,Pending
725,4474,2362,19433,38129,2017-11-15 01:33:31,2018-05-13 17:55:45,Success,Easy,Interrupted
140,840,7548,4690,16676,2018-08-24 05:24:19,2018-12-17 15:32:14,Success,,Interrupted
340,1363,4084,19159,28047,2017-07-05 19:27:03,2020-02-12 08:01:57,Failure,Easy,InProgress
983,1342,,,,2018-10-23 12:02:55,2017-04-25 19:30:35,Success,Easy,Complete
441,953,,,,2017-10-04 17:18:06,2017-09-23 10:46:44,Failure,Easy,Resumed
614,2744,8212,16702,36918,2018-12-23 23:08:15,2019-05-30 21:23:44,Incomplete,,Pending
611,3278,9627,3844,47590,2017-09-07 21:22:18,2017-11-01 17:06:13,Incomplete,,InProgress
827,1416,7530,4861,17117,2018-09-07 02:42:30,2017-09-08 06:49:53,Failure,Easy,Complete
131,1108,,,,2018-09-10 08:07:01,2020-03-30 12:38:00,Incomplete,Medium,InProgress
542,3787,2125,6220,38464,2018-08-15 00:31:35,2019-02-07 22:34:02,Failure,,Complete
389,1744,4234,10189,9104,2018-10-31 21:06:36,2018-03-21 09:41:47,Failure,Difficult,Interrupted
594,1083,1236,9016,20101,2020-02-16 11:31:50,,Failure,Medium,Interrupted
649,667,7898,7377,28825,2018-01-08 20:45:24,2017-12-31 21:30:44,Incomplete,,InProgress
868,1987,,,,2018-05-07 22:57:08,,Incomplete,Medium,Resumed
589,3855,6645,5538,45198,2017-04-14 04:15:04,2018-08-23 20:19:38,Incomplete,Medium,Resumed
948,3115,1993,12376,38468,2019-05-31 07:55:06,2020-01-13 19:04:54,Failure,Easy,Pending
254,775,3667,1196,8251,2019-06-07 04:15:00,2017-07-20 05:59:00,Success,Medium,Interrupted
854,2084,7717,13961,25557,2017-05-18 04:03:03,2019-09-11 14:39:44,Failure,Medium,Interrupted
610,109,7280,3058,6788,2018-01-31 00:22:01,2018-10-19 20:13:33,Failure,Medium,InProgress
155,2676,3609,8087,23661,2017-06-04 04:40:31,,Success,Difficult,Pending
504,473,3586,14162,32967,2018-08-23 10:21:48,2018-07-22 22:34:59,Incomplete,Difficult,Interrupted
871,2128,9015,1276,2781,2017-06-10 11:11:13,,Failure,,InProgress
622,1512,,,,2017-07-31 12:26:02,2017-10-18 17:43:06,Failure,Difficult,Resumed
120,3040,2794,13494,8675,2019-01-02 11:32:12,,Incomplete,Easy,Pending
269,4406,,,,2020-02-27 13:42:39,2020-03-24 01:16:00,Failure,Easy,Complete
897,914,3239,10020,12817,2020-02-26 23:14:58,,Failure,Difficult,Interrupted
278,2856,,,,2017-10-31 22:57:56,2018-10-29 18:26:59,Failure,,Pending
85,1531,,,,2020-01-08 00:03:59,,Failure,,InProgress
842,4390,1796,5071,32726,2019-02-13 15:06:12,2019-02-19 09:13:23,Failure,Difficult,Resumed
960,1072,,,,2019-05-19 18:40:02,,Failure,Medium,Pending
393,1902,9831,1922,48502,2019-10-28 01:53:04,,Incomplete,Easy,Interrupted
100,3897,1073,16870,11671,2018-05-04 11:20:39,,Success,Difficult,Interrupted
294,4208,6067,19637,33143,2018-11-15 09:29:20,2018-06-03 01:09:04,Failure,Medium,InProgress
65,3638,2199,1356,21054,2019-03-31 17:41:05,,Failure,Medium,Interrupted
296,3053,6910,16166,181,2018-08-03 14:07:33,2019-09-24 23:05:42,Success,Easy,Interrupted
653,4745,689,5508,19845,2017-10-19 09:00:24,2017-05-23 11:46:10,Success,,Pending
577,4354,,,,2018-11-09 17:44:14,,Incomplete,Easy,Complete
549,2795,7737,18751,31452,2019-08-23 06:48:06,,Incomplete,Easy,Resumed
944,2207,6338,14197,35537,2018-11-20 10:44:00,2017-05-01 10:19:29,Success,Difficult,InProgress
858,4187,5096,12020,30975,2017-12-14 05:46:26,,Incomplete,Medium,Interrupted
419,1028,7212,18962,31511,2017-12-22 16:38:24,2018-05-17 21:07:10,Success,Difficult,Resumed
188,3570,,,,2018-09-10 13:23:15,2019-02-14 21:00:33,Success,Easy,Complete
514,599,,,,2019-12-09 16:39:49,2017-06-21 09:14:03,Failure,Difficult,Interrupted
780,4860,,,,2019-08-01 16:50:04,2018-11-20 19:38:57,Failure,Easy,InProgress
222,463,8007,6987,38276,2019-09-07 12:44:02,,Failure,Difficult,Resumed
670,2552,5550,13587,16663,2019-11-12 21:27:44,2017-07-04 09:22:00,Success,Medium,Interrupted
110,4442,1626,6131,23860,2018-02-15 10:15:55,,Failure,Difficult,Pending
283,3309,7054,19695,8724,2018-06-01 15:28:59,2018-01-13 02:48:43,Incomplete,Difficult,InProgress
701,431,2811,3736,37320,2017-07-05 00:17:41,2018-07-01 06:45:45,Failure,Medium,Interrupted
830,771,7134,19918,23942,2019-01-22 13:29:32,2019-07-22 02:52:15,Success,Medium,Resumed
641,2185,,,,2018-09-07 21:28:45,2018-08-30 05:00:40,Failure,,InProgress
252,2103,4012,4159,11384,2018-04-20 16:29:05,2017-08-08 04:46:52,Failure,Medium,Interrupted
237,85,9644,621,27903,2019-01-18 07:34:55,2018-04-09 16:58:35,Success,Easy,Resumed
544,4957,,,,2019-04-17 03:09:46,2018-09-20 03:54:39,Success,Easy,InProgress
492,1636,,,,2017-10-26 12:45:23,2017-04-22 03:31:08,Failure,Medium,Pending
454,2755,,,,2020-01-05 21:20:44,,Failure,,Interrupted
848,4885,43,4496,21852,2018-12-08 01:33:57,,Incomplete,,Resumed
897,1600,1330,16354,4008,2019-08-10 02:17:23,2019-05-07 08:46:04,Success,Difficult,Pending
781,4726,9035,18318,20538,2020-02-04 00:51:04,2020-02-19 02:22:28,Incomplete,,Complete
410,566,9327,16868,8903,2020-02-14 07:46:44,2019-02-21 18:43:21,Incomplete,Difficult,Pending
21,3017,6113,3331,26080,2018-03-25 04:25:13,2019-10-02 10:18:08,Failure,,Resumed
579,4525,,,,2020-01-07 03:18:21,2019-05-07 16:05:44,Incomplete,Easy,InProgress
292,24,,,,2018-03-27 04:07:59,2018-04-10 19:19:56,Incomplete,Difficult,Interrupted
325,3734,5371,16454,10763,2017-11-30 19:36:15,,Success,,Complete
718,526,9498,4650,33090,2019-08-19 00:31:47,,Failure,,Complete
518,905,,,,2018-02-14 18:37:15,2018-06-05 11:53:59,Success,Easy,Interrupted
433,589,,,,2019-11-07 07:30:54,2018-03-01 02:15:38,Success,Medium,Complete
852,1876,1281,4773,36830,2017-12-29 12:32:22,2019-10-03 17:59:25,Incomplete,Difficult,Pending
134,1369,2052,4428,47202,2019-01-15 10:34:30,2019-09-25 02:58:38,Success,Medium,InProgress
124,718,,,,2019-06-28 13:12:06,2018-02-21 21:44:03,Incomplete,,Complete
653,4687,1721,14418,3611,2020-02-01 23:59:36,,Incomplete,,Complete
860,4009,2780,1426,36300,2017-12-01 06:22:45,,Success,Difficult,Resumed
914,406,5481,8673,47237,2018-09-16 16:08:43,2019-02-09 08:14:31,Incomplete,Difficult,Pending
136,1868,,,,2018-05-06 00:02:47,2019-03-31 08:55:07,Incomplete,Easy,InProgress
575,4808,9276,15329,2389,2017-07-06 03:36:02,2018-08-14 08:50:35,Incomplete,Difficult,Complete
248,614,9161,9997,33858,2018-12-08 04:32:54,2018-10-08 09:08:42,Incomplete,Easy,Interrupted
294,3656,,,,2019-01-01 09:03:28,2017-11-18 10:07:10,Failure,Difficult,Pending
165,1922,,,,2019-06-17 22:31:46,2018-07-26 13:56:10,Incomplete,Easy,Resumed
464,1598,7663,15859,9291,2018-01-21 10:57:27,2019-11-08 04:21:15,Success,Medium,Pending
123,1751,,,,2017-04-05 14:37:55,,Incomplete,,Complete
799,1090,,,,2019-06-20 16:34:36,2017-04-13 13:52:03,Success,Easy,Interrupted
336,950,5823,11921,36120,2019-05-04 04:31:12,,Incomplete,Easy,Interrupted
108,1110,3495,5479,3643,2018-03-31 18:38:55,2018-09-16 14:48:13,Success,,Pending
63,1368,,,,2019-10-03 18:26:29,2018-05-31 08:09:45,Success,Difficult,Interrupted
471,2457,,,,2018-09-18 01:46:18,,Failure,Easy,Pending
148,3758,7537,8826,40916,2019-01-19 16:05:18,2018-10-06 17:54:46,Failure,Difficult,Resumed
680,4144,7608,13068,25612,2019-08-05 00:08:56,,Failure,Easy,Resumed
962,266,,,,2017-09-15 12:27:16,2018-04-12 03:14:19,Incomplete,Medium,Complete
351,3175,5327,6840,25425,2018-02-07 23:50:30,,Failure,Medium,Interrupted
760,2228,5513,13287,11072,2019-06-18 11:41:12,2018-11-16 11:24:15,Failure,Medium,Interrupted
598,4133,9583,12664,22154,2018-01-14 18:03:43,,Incomplete,Medium,Resumed
684,4599,,,,2019-08-04 05:14:34,2020-03-05 19:49:07,Incomplete,Difficult,Interrupted
392,2540,,,,2019-07-30 11:07:27,2019-12-08 23:03:24,Success,,Complete
192,4387,,,,2018-06-13 04:31:19,,Success,Easy,Interrupted
827,111,,,,2019-12-18 15:25:22,2018-05-12 09:56:20,Incomplete,Easy,Pending
644,1267,9015,2666,20336,2020-02-20 20:46:11,,Success,Difficult,Complete
52,3910,,,,2017-05-25 12:14:51,2019-05-25 13:40:48,Incomplete,Medium,InProgress
244,3876,,,,2019-06-06 06:03:02,2020-03-10 14:41:09,Failure,Easy,Complete
414,2240,7411,3704,557,2019-01-21 04:47:25,2019-04-29 11:14:14,Failure,,Interrupted
380,3938,5990,10955,17508,2019-04-02 20:46:33,,Success,,InProgress
382,4983,3194,10764,20691,2017-10-30 21:11:40,2019-08-08 04:42:23,Failure,Easy,Complete
308,599,4653,3761,2006,2017-06-11 05:22:22,,Incomplete,,Resumed
146,3563,,,,2018-03-08 06:08:26,2017-09-23 19:57:24,Incomplete,Difficult,Pending
44,1424,,,,2018-05-06 07:06:21,,Success,Medium,Interrupted
269,4170,,,,2017-06-22 21:56:43,2018-03-10 19:18:25,Success,Easy,Pending
817,567,860,4510,47800,2018-08-07 06:00:53,2018-11-05 01:54:23,Success,Difficult,InProgress
753,2341,3569,3563,28716,2019-06-19 09:44:11,2018-04-11 20:35:05,Failure,Easy,Interrupted
887,417,1503,4978,20722,2017-09-08 19:23:47,,Failure,Easy,Pending
346,1049,5712,858,26901,2018-10-08 14:30:07,2019-02-12 22:01:13,Failure,Easy,Resumed
516,1650,3777,17198,17101,2020-02-17 12:05:10,,Success,Medium,InProgress
995,2000,4440,1720,40022,2017-07-10 17:13:11,2018-06-17 10:55:36,Failure,Difficult,Pending
385,2475,9164,5982,37373,2018-06-30 12:39:02,,Incomplete,Easy,Pending
917,2084,,,,2018-01-15 06:14:11,2017-07-01 10:10:31,Failure,,Resumed
715,4632,,,,2018-04-01 09:25:54,2017-07-07 07:34:15,Incomplete,Difficult,Resumed
978,3849,8067,16973,42186,2018-08-13 10:36:36,,Success,Difficult,Complete
717,2055,6987,7849,45285,2019-11-28 21:14:06,2019-11-11 05:19:24,Incomplete,Easy,Complete
948,710,,,,2019-01-29 07:02:34,2019-05-23 17:26:42,Failure,Easy,InProgress
547,1654,,,,2017-12-30 10:55:34,,Failure,,Interrupted
167,2614,1933,6966,9997,2019-03-01 02:35:22,2018-01-17 02:20:43,Failure,Difficult,Resumed
570,2277,450,11187,15617,2018-07-07 14:00:16,2017-07-14 14:58:39,Success,Easy,Interrupted
221,3252,4517,17316,27394,2019-07-14 20:36:45,2017-08-02 12:02:56,Failure,Difficult,Complete
474,268,830,16138,11596,2017-06-02 07:55:00,2019-10-27 23:54:44,Failure,,Resumed
530,636,1336,323,46182,2019-08-21 06:47:16,,Incomplete,Easy,InProgress
610,780,6450,1779,25238,2019-02-24 06:28:14,,Incomplete,,Resumed
522,2271,,,,2020-01-25 07:53:58,2018-05-29 07:24:31,Failure,Easy,Pending
213,3568,,,,2017-09-29 20:16:13,,Success,Medium,Complete
684,1683,7934,11676,24868,2017-07-23 13:04:42,2018-06-25 18:07:03,Failure,Difficult,Interrupted
629,2820,1326,4340,34533,2017-08-29 23:27:52,2018-03-12 23:24:30,Success,Difficult,Interrupted
2,76,,,,2017-11-11 11:03:42,2019-02-19 19:48:34,Success,Medium,Interrupted
642,3032,7840,11416,42685,2020-03-02 10:17:05,2018-06-07 01:24:50,Incomplete,Difficult,Pending
262,4525,,,,2017-06-29 11:24:00,2019-09-04 01:49:49,Success,Medium,Pending
777,1099,4383,6337,5497,2019-04-28 10:21:34,2017-12-08 00:11:55,Incomplete,,Resumed
576,563,,,,2019-01-28 03:21:50,2017-08-15 13:12:36,Success,Difficult,InProgress
856,2507,,,,2018-03-23 06:49:18,2019-09-27 14:46:47,Failure,Medium,Interrupted
159,3580,6131,1565,3735,2018-08-20 06:21:28,2019-01-27 18:21:12,Incomplete,Difficult,Complete
601,4067,8673,3991,45671,2017-05-24 03:09:18,2019-07-12 07:45:47,Success,Medium,Interrupted
81,3522,,,,2019-07-25 15:36:39,2019-06-11 22:41:22,Incomplete,Medium,Pending
839,2752,,,,2018-10-21 15:09:11,2019-07-17 11:12:26,Success,Easy,Interrupted
695,2995,,,,2017-08-28 00:23:29,,Incomplete,Easy,Pending
461,31,8803,13344,36500,2019-05-09 23:14:26,,Incomplete,Difficult,Interrupted
130,1436,5233,1738,39942,2019-10-08 11:37:47,2019-09-26 06:38:12,Success,Easy,Pending
881,3773,6582,5222,4989,2019-07-18 07:57:49,2019-12-09 22:04:02,Failure,Difficult,Complete
927,2245,3754,14607,6653,2018-03-12 20:51:38,,Failure,Easy,InProgress
474,1736,6385,13977,14185,2017-07-22 08:58:51,2018-07-03 06:06:06,Failure,Easy,Pending
479,785,6925,1199,7714,2017-09-13 05:29:09,,Success,Medium,Resumed
36,1745,,,,2017-09-21 02:07:13,,Failure,Difficult,Resumed
980,202,7925,8725,46946,2019-04-16 14:19:36,2017-09-28 22:09:31,Failure,Easy,Interrupted
538,2517,,,,2017-05-15 13:30:04,,Success,Difficult,Pending
736,259,8826,17598,9754,2019-05-25 11:48:45,,Failure,Easy,Interrupted
957,1888,2619,18550,36557,2019-08-19 10:25:55,2020-01-29 02:02:08,Failure,Difficult,Resumed
845,4953,9009,17739,16481,2018-05-13 09:30:31,,Incomplete,Easy,Resumed
911,2144,4058,7347,48319,2019-11-23 09:18:32,2018-11-12 02:05:47,Failure,Easy,InProgress
716,3800,,,,2017-05-19 22:51:51,2019-03-17 14:00:07,Incomplete,,Complete
310,439,,,,2018-01-15 04:15:46,,Success,,InProgress
604,3002,,,,2017-10-21 18:46:51,2017-04-10 01:23:46,Success,Difficult,Resumed
408,1040,,,,2018-01-08 18:00:38,2019-12-30 12:20:35,Incomplete,Difficult,Interrupted
487,213,4777,5261,4699,2019-07-30 11:38:12,,Incomplete,,InProgress
400,2985,9293,14590,13103,2018-12-13 06:35:28,,Success,Easy,InProgress
987,3364,6737,14673,39816,2018-02-16 04:44:44,2018-01-06 06:49:51,Incomplete,Easy,Complete
303,1478,,,,2018-12-13 16:33:56,,Failure,,Resumed
168,4708,7797,13393,10274,2019-05-14 03:26:24,2019-03-28 21:06:58,Failure,Medium,Pending
885,2773,,,,2019-11-13 12:20:32,,Failure,,Complete
916,716,,,,2018-12-19 05:13:22,2019-04-01 11:27:53,Success,Medium,InProgress
13,445,,,,2017-07-01 10:17:57,2019-08-30 03:30:47,Failure,,Resumed
745,1126,5941,3894,19289,2019-03-01 22:10:53,,Incomplete,Difficult,Pending
23,2535,1123,9012,26935,2018-10-06 03:44:58,,Failure,Difficult,Interrupted
163,1671,,,,2018-03-30 22:11:50,2019-05-22 09:05:16,Success,Difficult,Resumed
804,1863,,,,2017-07-19 08:32:58,2017-07-10 02:11:07,Incomplete,Easy,Resumed
847,470,6006,1255,33396,2018-04-27 05:19:46,2020-01-24 10:25:07,Success,,Interrupted
303,3494,,,,2019-07-27 18:15:33,,Failure,Difficult,Complete
291,1460,8404,9115,16287,2018-10-13 23:51:54,2018-10-07 16:20:43,Failure,Difficult,Resumed
556,3133,4747,827,39198,2019-08-17 12:22:16,,Failure,Difficult,InProgress
183,2699,,,,2017-11-30 16:22:50,,Success,,InProgress
333,500,7123,8250,39886,2018-01-01 03:44:08,2018-04-05 04:11:43,Success,Medium,Interrupted
606,1753,4711,1429,35833,2019-05-18 06:06:03,2019-09-17 15:45:20,Failure,,Pending
306,3523,1136,10950,42703,2020-01-02 06:50:17,2017-05-28 21:41:46,Success,Easy,Pending
2,3732,5078,9252,33581,2017-05-14 10:01:38,2017-04-25 19:46:45,Success,Medium,Resumed
373,4763,4432,13147,42752,2019-10-22 23:13:27,2018-09-30 17:52:42,Success,Medium,Resumed
344,6,,,,2017-09-13 05:49:27,,Success,Medium,Interrupted
90,2746,3673,446,13132,2019-10-29 15:56:42,,Success,Medium,Pending
6,2726,1976,19779,32737,2017-09-05 17:28:07,2019-11-30 03:33:21,Failure,Easy,Pending
86,994,,,,2017-10-07 23:53:37,2018-04-08 22:22:31,Success,Easy,InProgress
849,3963,4780,3729,9415,2018-03-27 14:37:22,2017-07-28 17:34:55,Success,Easy,Interrupted
127,4743,6443,14533,35363,2017-07-22 10:17:16,,Incomplete,Medium,Resumed
5,3176,211,3878,42497,2018-09-15 18:27:30,,Incomplete,Difficult,Interrupted
759,4840,,,,2017-06-06 19:51:32,2019-09-25 03:55:32,Incomplete,Medium,Pending
541,2191,1176,3347,12294,2019-07-02 07:53:52,2018-04-22 17:28:50,Success,,Complete
554,4358,,,,2017-04-19 13:11:12,2017-10-01 11:49:28,Success,Difficult,InProgress
622,2445,8369,14220,22337,2019-05-23 04:44:55,,Success,Easy,InProgress
810,1817,5825,12386,47807,2018-09-24 21:12:57,2020-03-27 03:22:50,Success,Medium,InProgress
945,447,1736,13220,41484,2018-10-09 08:50:57,,Failure,Difficult,Pending
399,4088,,,,2018-04-10 12:58:36,2017-12-23 04:43:13,Failure,Easy,Complete
190,424,4907,13290,40311,2019-05-31 06:01:18,2019-11-04 07:59:23,Failure,Difficult,Pending
166,245,7673,13012,14356,2019-09-15 23:12:17,,Success,Easy,Interrupted
216,2409,,,,2017-12-31 05:52:10,,Incomplete,Easy,Pending
869,1109,,,,2018-04-02 07:14:58,2018-09-07 23:04:56,Success,Medium,Interrupted
258,590,4657,15607,17617,2017-11-21 15:45:38,2018-10-19 16:14:05,Success,Medium,Pending
796,4601,7335,16800,7134,2020-03-27 00:47:19,2019-12-23 07:16:30,Success,,Resumed
50,3481,6753,2826,8084,2017-05-01 17:53:20,,Success,,Interrupted
397,2818,6982,11789,21341,2017-08-14 23:28:48,,Incomplete,,InProgress
394,1142,,,,2020-03-12 07:46:56,,Incomplete,,Complete
466,632,3014,11671,37467,2017-04-05 06:11:55,,Failure,,Pending
168,1232,,,,2018-10-21 13:13:19,,Success,Easy,Interrupted
556,2750,8809,3442,6244,2017-06-16 04:05:01,2018-05-06 17:23:55,Success,Medium,Complete
818,2616,,,,2018-10-18 20:43:22,2018-08-07 23:10:15,Failure,Medium,Interrupted
547,2280,3391,17816,9159,2017-07-24 21:02:38,2018-11-27 17:20:12,Success,,InProgress
136,3001,870,17544,9132,2017-08-29 04:04:01,2020-01-14 23:50:17,Failure,Easy,Pending
909,585,1976,6530,4332,2019-07-01 04:30:50,2018-06-04 04:27:24,Success,Medium,InProgress
968,303,8250,4308,10200,2017-12-01 17:29:53,2019-08-17 15:07:53,Success,,Interrupted
683,4376,9914,10488,1226,2019-05-29 21:36:29,2019-03-28 11:06:45,Incomplete,Difficult,Resumed
630,4239,,,,2019-08-25 03:46:32,,Success,Medium,Complete
965,4861,5520,16337,40749,2018-07-05 14:15:14,2018-02-10 05:56:56,Success,Difficult,Resumed
62,172,6809,17291,30433,2019-06-11 14:56:07,,Incomplete,,InProgress
144,28,6446,4086,44051,2017-05-22 18:20:49,,Incomplete,Easy,Complete
606,378,9509,15452,15050,2018-01-05 22:34:15,,Success,Medium,Pending
955,776,4190,7468,34415,2017-04-10 22:00:37,2017-04-22 08:17:14,Incomplete,Medium,Pending
667,3512,1283,7824,21072,2019-04-26 14:46:07,2019-07-28 00:35:51,Incomplete,Easy,Resumed
604,1617,4439,10833,15590,2017-11-07 01:38:04,2018-10-06 06:38:29,Failure,Medium,Resumed
12,4980,,,,2018-04-21 19:13:52,2017-07-06 04:49:58,Incomplete,Difficult,Pending
31,1540,616,13874,4505,2017-12-14 04:19:48,2017-08-17 04:05:41,Incomplete,Medium,Complete
448,391,8603,5135,10368,2020-03-06 16:22:30,2019-08-28 13:14:03,Failure,Medium,Complete
771,4300,9935,7388,13236,2018-03-27 02:38:49,2017-11-21 18:43:41,Failure,Medium,Pending
342,4876,,,,2020-02-02 09:26:50,2020-02-07 07:55:04,Failure,Medium,InProgress
57,4641,,,,2019-09-30 23:22:37,,Success,Difficult,Complete
109,3016,,,,2019-11-26 21:48:19,2018-07-19 20:06:03,Failure,Difficult,Interrupted
580,2600,,,,2019-09-17 00:51:42,2019-10-15 06:54:12,Success,Medium,Interrupted
405,978,6567,19700,47625,2017-04-01 08:52:44,2019-12-06 01:01:08,Success,Medium,InProgress
728,3263,,,,2018-07-13 11:58:40,,Incomplete,Easy,InProgress
590,3123,,,,2019-06-29 17:45:03,,Failure,Medium,Pending
345,4228,,,,2019-01-25 20:49:22,2020-03-03 03:42:34,Success,Medium,InProgress
400,2060,15,7503,24481,2020-02-14 17:38:26,2017-08-03 02:56:57,Failure,Difficult,InProgress
15,2239,7197,16186,12800,2018-02-13 02:40:49,2019-09-05 18:30:43,Failure,Difficult,Resumed
11,4743,,,,2017-05-09 22:20:47,2017-04-12 04:54:01,Incomplete,Medium,Complete
51,289,,,,2018-06-27 23:10:20,2018-08-03 04:41:26,Success,Easy,Complete
719,3515,7733,1339,14019,2018-09-29 15:28:51,2019-09-06 20:21:21,Incomplete,Easy,Pending
201,4662,5375,1722,3479,2018-07-05 22:30:50,,Success,Easy,Resumed
105,3757,,,,2019-05-09 10:47:22,,Success,Easy,Complete
53,4050,9487,17335,13945,2018-03-07 01:06:13,2018-11-24 07:17:15,Failure,Medium,InProgress
39,3469,7444,6787,38388,2018-03-15 07:35:28,,Failure,,Pending
808,495,1902,16264,44671,2018-02-11 08:51:30,,Incomplete,,InProgress
597,1206,971,5192,48340,2019-07-01 18:45:24,2018-07-06 14:07:37,Failure,Difficult,Resumed
834,4029,,,,2018-12-23 18:17:37,,Success,Easy,Resumed
980,2638,,,,2017-11-22 13:13:13,,Incomplete,Medium,Complete
518,2074,8177,15675,29900,2019-06-14 19:56:17,2018-08-01 12:34:43,Failure,,Resumed
877,548,,,,2018-02-14 10:39:09,2018-12-19 08:34:40,Incomplete,Easy,Interrupted
290,4299,,,,2019-06-25 21:45:12,,Success,Easy,Complete
964,3882,4318,14816,31326,2017-05-11 07:40:09,,Failure,Easy,Pending
587,1845,7779,14084,23487,2020-03-20 04:49:15,2019-06-23 00:16:47,Success,Easy,Resumed
149,3098,9719,4013,28301,2017-10-29 00:05:03,2020-02-19 07:29:26,Incomplete,,InProgress
872,480,,,,2017-09-25 01:07:46,,Incomplete,,Resumed
651,113,9185,4779,3527,2020-03-28 03:07:20,2017-10-07 15:01:09,Incomplete,Easy,Pending
306,348,688,13718,25037,2017-04-25 13:57:20,2019-01-06 19:25:36,Success,Medium,Complete
813,1651,573,3958,45064,2017-05-21 12:20:22,,Failure,,Interrupted
728,12,,,,2019-01-21 20:05:57,,Success,Medium,Pending
238,4361,8008,15429,39418,2018-06-28 22:03:50,2019-04-01 20:52:27,Incomplete,Medium,Interrupted
382,4066,4234,4950,35470,2017-08-06 13:59:46,2018-04-11 10:27:01,Failure,,Resumed
763,4466,2061,4394,39397,2018-01-19 16:35:54,2019-02-10 15:29:37,Failure,Easy,Pending
525,3362,6095,3984,48644,2017-06-16 23:35:29,,Success,Easy,Resumed
851,1085,,,,2019-08-13 06:37:47,2018-12-22 04:57:04,Failure,Medium,Resumed
687,1856,5345,5382,7627,2018-09-13 03:01:36,,Success,,Complete
108,1373,,,,2018-03-01 05:57:00,2019-04-09 06:17:05,Failure,Easy,InProgress
860,1554,3902,3250,35167,2019-02-18 16:34:46,2019-12-23 21:05:31,Failure,,Pending
484,2132,,,,2017-07-07 02:03:06,2018-12-08 04:35:19,Failure,Medium,InProgress
885,2608,,,,2019-11-12 17:02:27,2019-05-19 22:33:56,Success,Difficult,InProgress
279,1924,,,,2017-09-21 14:18:43,2017-07-29 07:33:13,Failure,,Interrupted
97,2010,609,17913,42292,2018-05-12 03:06:50,,Failure,Medium,Pending
585,1443,6659,13076,31815,2018-01-19 13:05:34,2018-05-27 04:52:21,Success,Medium,Interrupted
962,1026,,,,2018-06-10 04:39:49,2018-07-16 00:46:39,Failure,Easy,Resumed
571,2692,1245,12344,891,2018-10-23 18:17:46,2018-09-12 19:15:56,Failure,Difficult,Resumed
111,1599,5370,7485,46790,2018-12-15 05:44:33,2019-10-23 20:55:15,Incomplete,,Pending
638,4141,,,,2018-06-17 02:31:57,2017-08-06 18:41:22,Incomplete,Easy,Resumed
883,2609,5808,102,25979,2017-07-22 16:57:30,2018-03-30 16:17:35,Success,Difficult,Resumed
992,341,6809,19572,26290,2018-09-28 01:35:29,2018-09-09 19:28:33,Success,Medium,Pending
61,4176,,,,2017-10-24 08:06:59,2019-11-14 19:23:00,Incomplete,Difficult,Complete
729,3667,,,,2018-11-21 13:06:46,,Success,,InProgress
999,1771,,,,2019-12-05 02:14:30,2018-11-26 05:56:07,Success,Easy,Complete
799,973,9137,19758,46025,2018-08-24 03:32:55,2018-03-16 06:43:53,Success,Difficult,Resumed
967,4240,1689,546,46206,2018-07-06 20:06:59,,Incomplete,Easy,InProgress
776,4153,2947,13703,5019,2019-09-24 00:56:25,2020-02-19 00:39:32,Failure,Easy,Interrupted
299,1414,367,16437,21102,2020-01-23 14:42:29,2017-04-21 01:16:15,Incomplete,Easy,Pending
186,4318,7102,13684,28678,2017-10-23 19:23:40,2019-12-09 03:03:18,Incomplete,Easy,Resumed
861,1149,,,,2019-11-17 20:14:58,,Incomplete,Medium,Pending
426,602,,,,2018-05-06 06:42:14,,Success,Medium,InProgress
296,3963,7039,10259,28420,2019-05-17 17:06:17,2018-09-21 10:49:58,Failure,Medium,Pending
79,1292,4634,8610,27300,2017-12-04 14:28:45,,Incomplete,,Pending
114,255,5153,13346,45335,2017-10-31 14:13:16,2018-12-04 14:46:30,Success,,Resumed
885,1442,,,,2019-03-03 06:13:45,2017-10-30 13:52:43,Success,Difficult,Pending
340,418,2654,8960,20286,2017-10-07 05:45:38,2018-03-23 03:03:44,Failure,Easy,Resumed
440,3141,7108,6851,30061,2018-06-03 05:14:44,2017-10-24 14:38:06,Failure,Easy,Complete
38,4154,,,,2018-09-30 18:32:58,,Failure,Difficult,Pending
311,4466,2250,7394,38399,2018-01-12 19:32:08,2018-01-22 09:46:18,Incomplete,Medium,Complete
32,1453,1034,768,29679,2019-06-14 06:30:07,,Failure,Easy,Interrupted
572,394,,,,2018-12-18 12:32:01,2017-08-17 13:49:49,Incomplete,Medium,InProgress
754,2430,4386,12642,32473,2019-04-05 10:59:18,2018-12-17 20:09:26,Incomplete,Medium,Resumed
617,2399,2604,8655,2072,2018-07-30 22:33:52,2018-10-19 16:06:45,Incomplete,,Resumed
284,4087,4086,14584,6847,2018-11-04 16:21:20,,Incomplete,Easy,InProgress
848,1633,,,,2017-06-16 19:39:06,2019-05-21 04:16:05,Success,Easy,InProgress
446,1311,2642,2836,48282,2018-07-19 08:00:47,,Incomplete,,Resumed
183,61,9263,18002,6555,2019-03-14 06:01:00,2019-01-09 07:21:42,Failure,Easy,InProgress
577,4635,8183,12780,45374,2020-03-08 01:46:40,2018-01-24 03:01:04,Failure,Easy,Interrupted
617,2157,4526,18157,25916,2017-09-28 18:03:59,,Incomplete,,Interrupted
325,4597,1819,19670,26709,2020-02-18 08:11:44,,Incomplete,Medium,Resumed
118,33,3697,13834,25572,2017-09-12 18:25:45,2019-05-01 11:09:12,Failure,Difficult,Pending
506,3693,,,,2019-03-27 15:04:34,,Failure,Difficult,Resumed
820,1655,1968,15755,16218,2019-12-12 06:15:31,2019-12-13 00:21:25,Incomplete,Medium,Pending
264,2875,243,1998,765,2018-09-30 22:54:26,2019-06-19 08:20:32,Failure,Easy,Pending
236,2477,92,5523,2717,2020-01-04 18:40:16,2018-05-16 00:06:02,Failure,Easy,Pending
69,2722,7937,16234,2947,2019-12-19 23:24:57,2019-08-24 11:02:06,Failure,Medium,InProgress
300,4190,8966,14788,36707,2019-07-13 06:32:00,2019-06-20 05:10:19,Success,Medium,Pending
666,1149,2827,16158,24355,2019-01-26 23:47:54,2019-08-03 13:58:55,Success,Difficult,Complete
63,4039,9431,3949,13750,2019-12-27 20:22:12,,Failure,Easy,Pending
918,2052,6149,8579,28272,2019-07-19 05:09:57,2019-08-19 21:51:30,Success,Difficult,Complete
44,4834,1544,5002,27894,2019-03-30 06:22:47,2018-02-08 12:30:57,Incomplete,Easy,Interrupted
450,3411,,,,2017-07-22 02:44:50,,Success,Medium,Resumed
8,2178,,,,2017-05-12 11:47:27,2018-02-08 16:01:42,Incomplete,Easy,Resumed
354,3077,,,,2020-01-20 13:07:02,,Incomplete,,InProgress
522,2919,,,,2017-05-01 00:38:44,2019-12-21 14:04:59,Incomplete,Easy,Pending
518,3212,6974,7679,3314,2017-11-17 01:36:26,2018-07-07 21:27:13,Success,Difficult,Resumed
651,3537,4123,16648,6168,2019-07-12 09:46:51,,Failure,Difficult,Interrupted
562,520,3407,9113,30917,2019-05-12 21:58:30,2019-03-08 22:53:29,Incomplete,Difficult,Interrupted
309,3828,,,,2019-04-21 12:27:25,2019-02-28 17:22:12,Failure,Medium,Pending
505,4556,7595,12672,7293,2018-01-26 15:52:28,2018-09-08 16:31:00,Success,Easy,InProgress
468,736,,,,2018-01-06 15:59:03,2018-06-04 08:43:31,Incomplete,Difficult,Complete
890,472,2718,10363,8430,2017-09-11 08:00:08,2017-06-12 22:31:28,Failure,Medium,Complete
876,3082,110,16340,25395,2019-06-05 08:16:30,2017-06-26 04:57:14,Incomplete,Medium,Interrupted
349,3665,9525,2116,47526,2017-05-02 05:18:41,2019-10-25 15:41:48,Failure,Easy,Complete
74,3058,,,,2017-11-03 10:20:05,,Success,,Pending
248,2079,2189,18150,11860,2018-03-12 04:01:52,2018-11-18 21:56:13,Success,Difficult,InProgress
613,2433,,,,2019-03-22 03:59:39,2018-10-25 20:31:09,Success,Easy,Pending
520,1857,8762,17009,21593,2019-08-04 11:08:02,2019-01-09 04:06:53,Incomplete,Easy,Interrupted
788,1969,,,,2018-06-19 16:45:13,2017-07-28 06:47:40,Incomplete,,Pending
637,3042,6848,9262,9736,2019-08-31 01:08:43,2019-12-11 19:30:22,Success,,Interrupted
927,3417,,,,2019-11-15 20:00:32,2017-08-27 05:48:47,Success,,InProgress
383,2275,5774,8953,25097,2018-02-26 10:24:27,2019-06-26 20:52:24,Success,Difficult,Resumed
312,1770,,,,2018-01-09 01:17:01,,Failure,,Interrupted
408,2345,7402,8435,22565,2018-10-24 17:20:38,,Success,,Interrupted
536,1676,8050,12920,18880,2017-11-01 17:24:30,2017-11-29 03:34:39,Incomplete,Medium,InProgress
10,296,,,,2018-07-07 12:29:16,,Success,Easy,Interrupted
184,4762,1485,14215,13525,2018-11-27 17:54:26,2019-11-29 00:12:12,Incomplete,Easy,Interrupted
527,4253,4381,93,31549,2017-03-31 14:25:32,,Failure,Medium,InProgress
199,1105,,,,2019-04-11 00:21:12,2020-01-26 20:11:41,Incomplete,,Interrupted
715,1733,,,,2018-11-13 09:06:34,,Failure,Difficult,Interrupted
69,1402,6542,9201,41274,2017-05-02 08:34:58,,Failure,Medium,Interrupted
225,1807,,,,2017-09-09 16:59:26,2018-09-27 13:31:13,Failure,,Resumed
775,3116,,,,2017-08-26 21:33:47,2017-10-25 19:20:13,Success,Easy,Interrupted
575,4085,,,,2018-05-13 05:26:16,,Success,Difficult,Pending
129,1815,,,,2018-02-07 04:08:14,2018-09-04 04:51:52,Failure,Easy,Pending
55,2050,,,,2019-08-24 04:26:25,2017-09-14 03:02:02,Success,Difficult,Resumed
764,4308,,,,2017-08-24 03:09:19,2018-02-26 04:25:15,Incomplete,Easy,Complete
830,1900,9175,18951,30964,2020-02-24 13:46:13,2018-07-01 11:32:17,Failure,Difficult,Pending
728,2820,8264,15110,37215,2018-02-04 17:36:55,,Success,,Complete
899,4040,242,15005,22700,2017-06-20 08:56:53,,Incomplete,Easy,Pending
27,2369,4172,16968,9325,2017-09-01 12:49:01,2017-06-15 00:14:52,Success,Difficult,Resumed
923,4997,,,,2018-04-22 12:04:01,2019-09-12 07:16:21,Success,Easy,Complete
742,2748,,,,2019-02-26 05:58:02,,Incomplete,,Pending
644,2254,,,,2019-06-03 02:40:18,,Failure,Difficult,Resumed
446,918,,,,2019-06-02 01:39:11,,Success,Medium,Interrupted
113,4474,6949,18579,35438,2017-09-20 14:52:51,2019-02-07 00:32:36,Incomplete,Medium,Complete
591,1133,,,,2018-05-16 01:16:47,,Success,Medium,InProgress
29,4744,,,,2020-02-19 13:50:08,,Success,Medium,Pending
852,3334,807,7708,38968,2017-11-01 11:26:53,2019-08-03 08:22:53,Success,Medium,Resumed
472,1096,,,,2018-10-03 10:35:37,2019-02-01 20:07:57,Incomplete,Easy,Pending
476,3016,2630,1661,9791,2018-02-23 05:50:56,,Failure,Easy,Complete
273,453,881,15968,41972,2018-11-08 21:13:36,,Success,Difficult,Pending
486,3950,,,,2018-03-17 09:38:31,2018-06-25 03:58:37,Success,,Pending
985,3798,5232,645,49414,2018-06-05 19:59:29,2020-02-04 02:03:46,Success,Medium,Complete
675,658,,,,2018-05-28 09:42:08,2017-11-22 07:20:29,Incomplete,Difficult,Pending
267,1788,7637,13330,2784,2017-05-25 06:59:59,2018-04-03 22:26:05,Success,Easy,Complete
652,4775,,,,2018-03-16 01:21:56,,Incomplete,,InProgress
459,3970,,,,2017-04-05 23:51:25,2018-03-20 15:31:38,Failure,Difficult,Resumed
678,4995,5974,515,23613,2019-11-25 15:54:15,2018-03-05 09:27:55,Incomplete,Difficult,Interrupted
226,2946,3962,9372,40580,2019-12-04 13:29:02,2018-11-02 19:18:36,Success,Difficult,Resumed
101,4070,,,,2018-09-19 08:56:31,2018-04-10 08:36:02,Incomplete,,Interrupted
446,2472,,,,2020-02-29 13:42:57,2019-01-10 15:49:34,Success,Difficult,Complete
785,3950,,,,2019-02-08 14:34:19,2019-12-11 08:37:39,Success,Easy,Pending
993,4034,,,,2018-12-30 06:11:42,2019-12-14 03:06:05,Failure,Medium,Pending
978,2462,8405,3252,32151,2018-06-23 00:01:10,2018-08-15 16:38:53,Incomplete,Easy,InProgress
86,2285,7583,9664,38094,2019-03-19 15:33:10,2019-10-10 17:53:23,Failure,Difficult,Resumed
346,3298,9202,119,21848,2019-01-23 19:36:14,2017-05-27 18:27:15,Success,Easy,Pending
428,4886,,,,2019-04-26 01:02:44,2019-01-18 02:18:19,Success,Medium,Interrupted
562,2012,3283,14476,39256,2017-05-22 16:04:56,,Success,,Resumed
921,4931,2997,18534,45056,2018-11-04 08:06:10,2018-02-28 13:44:29,Failure,,InProgress
53,2648,9903,9235,46659,2019-11-12 16:20:27,2018-04-15 02:07:41,Failure,Easy,Resumed
52,4989,2539,7335,33857,2018-10-27 06:52:08,2017-05-16 23:58:02,Success,Medium,Complete
256,4403,,,,2018-06-07 13:42:23,,Success,,Complete
81,1510,,,,2019-10-01 05:38:06,2018-04-25 19:34:36,Failure,Difficult,InProgress
41,923,,,,2017-05-31 08:56:39,,Success,Easy,Interrupted
59,2111,5835,18598,6170,2019-04-10 21:44:37,2018-12-26 01:39:50,Success,Difficult,Resumed
343,1961,6463,11131,21283,2018-01-02 18:43:50,2019-08-05 18:50:58,Success,Easy,Complete
943,4493,,,,2017-04-20 21:24:21,2017-08-15 06:02:01,Failure,Easy,Resumed
587,2617,4665,2268,33933,2018-03-10 22:54:31,,Success,,Pending
574,3762,2155,1758,10950,2018-05-31 00:47:38,,Failure,Medium,InProgress
821,4000,7638,10329,27765,2018-05-31 12:43:02,2018-05-05 01:31:56,Failure,Easy,Pending
807,2518,8379,14868,27452,2019-12-15 17:30:14,,Success,Medium,Pending
11,380,3709,18132,4159,2018-07-16 07:49:19,2017-11-01 15:44:23,Incomplete,Difficult,Complete
375,2397,,,,2017-08-20 05:56:49,2017-12-07 03:55:36,Failure,,Complete
332,1495,,,,2018-03-10 06:48:45,2017-06-09 13:21:44,Failure,Medium,Interrupted
558,4482,,,,2019-09-30 17:22:29,2019-11-08 01:57:03,Success,Difficult,Complete
470,3432,1613,4943,41893,2017-08-20 22:41:08,2019-08-21 17:38:50,Incomplete,,InProgress
245,3803,,,,2019-10-31 17:03:09,2017-10-11 07:13:42,Success,Medium,Complete
971,2750,2853,40,4731,2018-05-20 16:38:28,,Failure,,Pending
117,126,1214,5724,4320,2017-08-25 04:16:21,2019-09-08 08:35:56,Failure,Difficult,InProgress
919,2584,6364,17917,27592,2018-08-14 22:07:54,,Success,Easy,Interrupted
154,3696,,,,2018-02-12 18:16:22,,Incomplete,Easy,Resumed
763,1468,,,,2019-11-07 22:58:12,,Failure,Difficult,Resumed
373,4558,,,,2018-07-07 04:57:36,,Failure,,Pending
860,162,5833,2969,38812,2018-02-27 21:58:27,2017-07-20 04:53:52,Incomplete,Easy,Interrupted
374,2475,9540,5632,31653,2019-08-12 21:31:11,2018-02-03 12:24:47,Incomplete,Easy,InProgress
326,778,,,,2018-08-05 11:54:42,2019-02-14 18:13:34,Failure,Easy,Complete
737,2342,,,,2018-05-05 14:38:31,2018-03-16 21:28:28,Failure,,Resumed
44,4936,,,,2017-06-07 18:40:48,2019-08-06 20:16:17,Incomplete,Difficult,Pending
403,4072,7664,19878,21867,2018-08-19 05:54:19,2019-08-29 01:29:27,Incomplete,Medium,InProgress
567,500,2521,7560,16764,2017-12-30 13:35:36,2018-05-05 05:40:38,Failure,Easy,Complete
880,4137,,,,2019-10-06 14:24:17,2017-09-12 00:15:04,Incomplete,Difficult,Resumed
59,2503,7530,1380,7811,2019-07-03 01:16:53,2018-08-23 08:45:35,Success,Difficult,Pending
70,523,1176,16398,16502,2017-06-14 16:19:05,,Failure,Difficult,Complete
901,267,3995,18603,18410,2019-03-07 05:01:09,2019-02-14 21:58:09,Success,Difficult,Resumed
845,145,5431,13135,35535,2018-06-03 21:40:05,2018-12-08 04:31:26,Incomplete,Medium,Resumed
450,1598,6990,19248,4797,2018-01-06 18:29:26,,Incomplete,Easy,Complete
840,1076,8754,3188,13124,2018-05-06 15:04:33,2019-04-25 02:38:41,Incomplete,,InProgress
567,4865,,,,2017-04-29 03:36:47,2017-11-26 15:40:35,Failure,,Complete
619,1357,1162,14089,9721,2018-07-16 21:16:18,2019-12-04 14:25:15,Success,,Interrupted
524,3631,4396,9364,27624,2018-10-25 02:52:43,2018-03-04 15:09:08,Success,Difficult,Pending
807,4590,,,,2017-11-18 12:13:59,,Incomplete,Easy,Resumed
694,410,,,,2019-04-14 05:30:27,2017-07-02 22:56:55,Incomplete,,Pending
50,2524,,,,2018-04-21 15:40:06,2019-03-20 05:38:25,Success,,Complete
295,1556,,,,2019-12-02 19:06:55,2017-11-19 03:49:33,Failure,Easy,InProgress
943,3370,3363,428,8369,2019-05-28 12:13:24,2019-02-16 00:32:02,Incomplete,Difficult,Resumed
775,2537,5071,15505,24406,2018-09-19 00:43:44,2018-09-04 22:38:59,Incomplete,Difficult,InProgress
360,909,,,,2018-03-14 06:53:21,2019-03-09 14:32:48,Incomplete,,Interrupted
754,1183,,,,2018-12-23 13:37:14,,Failure,Medium,Interrupted
384,4793,1278,13625,831,2019-12-05 12:42:29,2018-01-01 02:46:07,Success,Medium,InProgress
169,629,9316,13978,17601,2019-04-17 18:26:31,,Success,Difficult,Pending
203,3594,7141,3866,47575,2018-11-20 08:39:41,2017-08-09 15:14:44,Success,Difficult,Interrupted
835,4820,1968,8278,6361,2018-08-30 01:45:53,2017-11-25 18:21:49,Incomplete,Easy,Resumed
404,3321,5578,10038,16724,2018-11-01 15:09:20,2017-08-14 17:33:46,Failure,Difficult,Interrupted
674,2885,8256,19230,12827,2017-08-04 06:44:48,2020-01-20 06:48:10,Failure,Medium,InProgress
255,4032,9474,7091,11832,2019-11-12 20:54:42,2018-04-22 20:41:48,Failure,Medium,InProgress
670,1267,,,,2019-08-16 15:09:33,2019-10-30 07:49:07,Success,Easy,Interrupted
870,921,,,,2019-08-15 11:58:14,2019-09-21 00:05:51,Incomplete,,Interrupted
311,923,6351,3033,38966,2018-10-02 06:59:11,2017-07-08 17:48:23,Failure,Difficult,InProgress
511,4287,,,,2018-09-03 11:35:06,,Incomplete,Easy,Resumed
957,3815,,,,2017-10-05 09:45:14,,Incomplete,Medium,Resumed
799,2427,5222,8951,35248,2018-01-02 19:37:17,,Incomplete,Difficult,InProgress
558,3221,6034,1729,41912,2019-03-14 10:10:13,2018-07-10 05:42:49,Failure,Easy,Complete
553,4719,9299,17251,3934,2017-08-03 16:43:33,2019-05-05 21:43:22,Success,Difficult,Interrupted
259,1877,,,,2017-11-10 07:34:22,,Failure,Easy,InProgress
789,955,1274,2850,36931,2019-04-16 00:54:22,2018-12-29 16:10:29,Success,Difficult,Interrupted
687,2894,3486,2272,34737,2019-03-09 08:28:31,2017-04-09 05:28:21,Failure,Easy,Complete
330,3068,2138,4099,19804,2019-02-24 13:21:19,2019-03-09 15:38:08,Success,Easy,Pending
231,1166,,,,2019-12-27 03:55:48,2017-04-19 09:08:04,Failure,Difficult,Resumed
660,2129,,,,2017-10-14 13:43:07,2019-06-16 22:33:44,Incomplete,Medium,Resumed
269,2673,4166,2280,46346,2018-07-15 02:03:00,,Success,Medium,Interrupted
23,2361,1282,19810,17418,2018-08-19 15:19:30,2018-02-13 20:54:47,Incomplete,Difficult,Pending
971,4395,,,,2018-02-22 16:50:33,2018-08-31 10:03:49,Success,Easy,Pending
206,4465,,,,2018-02-19 04:41:49,2017-09-15 04:13:15,Success,,InProgress
390,528,2039,2790,10874,2017-04-05 21:35:57,,Incomplete,Easy,InProgress
653,4953,,,,2017-10-19 00:17:15,,Incomplete,,Pending
413,1282,,,,2019-08-11 17:59:42,,Success,Medium,Complete
694,1723,6975,6331,9188,2018-01-16 14:55:32,2017-12-08 11:10:33,Failure,Medium,InProgress
130,1937,4367,12563,29760,2018-05-17 00:52:59,,Incomplete,Medium,Resumed
187,1969,5420,6202,10854,2018-01-31 07:53:46,2017-09-30 23:50:24,Failure,Medium,Pending
834,2881,,,,2017-12-19 11:02:08,2019-10-08 09:00:23,Success,Easy,Interrupted
310,3657,4461,12189,25294,2019-05-03 08:51:36,,Incomplete,Easy,InProgress
467,1132,,,,2017-05-11 08:21:15,2018-11-13 16:55:00,Incomplete,,Resumed
712,1728,,,,2019-11-04 03:39:54,2018-12-13 04:55:15,Failure,Medium,Pending
502,1955,,,,2017-07-22 03:41:09,,Success,Difficult,Interrupted
24,2180,7391,11649,43382,2018-07-19 05:54:29,2019-01-13 13:49:56,Success,Difficult,Resumed
773,2547,,,,2019-05-29 17:48:38,2018-12-28 13:27:24,Failure,,Resumed
450,2639,7654,19789,27631,2020-01-20 17:53:06,,Failure,Difficult,InProgress
104,1352,,,,2019-09-26 18:00:30,,Incomplete,Medium,Pending
725,1716,644,581,49295,2018-03-19 09:24:01,,Success,Difficult,Interrupted
196,2050,2839,18167,25012,2019-04-14 01:02:04,2017-04-02 09:34:10,Success,Easy,Interrupted
158,2581,7571,11401,10941,2019-01-13 06:22:37,2018-11-29 20:27:38,Success,Medium,Interrupted
734,2422,2945,4436,21141,2018-05-26 06:17:56,2018-11-17 08:22:19,Success,Difficult,Complete
370,730,,,,2019-10-22 05:15:22,,Incomplete,,InProgress
611,924,2444,8541,40824,2019-03-26 23:35:22,2018-04-07 08:11:30,Success,,Resumed
477,1388,9967,5168,43245,2018-07-27 11:28:41,2018-04-05 05:15:27,Incomplete,Difficult,Interrupted
330,185,8913,10407,22912,2019-01-30 17:50:32,2018-07-25 03:40:30,Success,Medium,Pending
587,1986,,,,2017-05-14 14:07:28,2019-08-21 04:55:27,Failure,Easy,Interrupted
108,491,9363,16978,7019,2019-10-17 23:20:42,2019-08-24 07:14:22,Incomplete,Easy,InProgress
635,1533,3903,8700,37376,2019-12-13 02:39:26,2018-03-28 10:28:50,Failure,Difficult,Pending
141,585,4737,10436,24027,2017-09-04 12:51:54,2020-03-24 02:42:07,Success,,Pending
194,4837,1192,7833,4564,2018-03-13 10:57:42,2019-12-26 17:34:41,Failure,Medium,Interrupted
354,1094,,,,2020-01-19 11:14:51,,Success,Easy,Complete
643,1304,,,,2019-12-29 12:25:31,2019-05-08 10:26:13,Failure,Medium,Complete
776,4196,,,,2019-08-24 15:49:37,2017-11-11 23:31:08,Failure,Easy,Pending
179,4970,8845,11566,44502,2018-05-28 22:41:48,2017-05-16 09:22:12,Failure,,Interrupted
251,4057,,,,2018-12-14 04:08:42,2017-12-20 23:13:32,Failure,,Complete
391,482,7498,11782,49293,2020-01-12 07:53:48,,Failure,Medium,Complete
627,514,2455,3417,35684,2018-12-15 01:37:44,2020-02-02 04:34:07,Failure,Easy,Interrupted
131,734,9787,12868,2534,2019-05-31 17:16:26,2020-02-16 12:59:23,Success,Difficult,Interrupted
39,942,9162,19328,8169,2017-08-17 09:32:52,,Failure,Medium,Resumed
187,4724,5246,4908,20315,2018-08-07 06:32:10,2020-02-07 10:03:39,Incomplete,,Interrupted
841,2220,8856,9268,41370,2017-05-13 00:58:48,2019-02-16 19:21:56,Success,Difficult,Resumed
355,4536,4022,8188,35832,2017-12-23 09:00:20,,Success,,Resumed
434,3515,7511,1231,14785,2019-08-05 23:55:35,2018-05-14 09:16:08,Incomplete,Medium,InProgress
47,2314,,,,2018-08-12 20:23:07,2018-05-07 20:57:22,Success,Difficult,Complete
231,2259,,,,2017-07-30 04:21:58,2018-09-02 13:36:54,Failure,Easy,Resumed
383,3984,,,,2019-08-12 15:55:12,2019-10-18 18:27:24,Incomplete,Difficult,Complete
770,1259,,,,2017-04-01 03:04:34,2017-07-30 07:53:51,Incomplete,,Interrupted
83,1337,9953,7015,15405,2019-04-24 22:14:54,2019-05-04 08:00:30,Failure,Medium,Resumed
189,1967,4253,19489,44341,2019-10-31 13:42:22,2019-06-23 00:38:16,Failure,Easy,Complete
171,3509,6683,386,18065,2020-01-13 06:32:51,2020-01-20 19:27:40,Success,,Resumed
438,2151,,,,2017-10-30 14:07:36,,Success,,Interrupted
829,2758,2435,6548,28228,2019-11-30 13:40:20,,Incomplete,Easy,InProgress
577,775,1604,18939,41610,2019-08-16 00:23:12,,Success,Difficult,Interrupted
900,1737,8921,6286,2383,2018-10-16 14:58:56,2018-07-05 20:04:01,Failure,Medium,Pending
913,2711,,,,2018-09-08 21:30:07,,Incomplete,Easy,InProgress
491,4365,,,,2019-12-19 14:02:41,2018-08-12 09:14:08,Success,Medium,Complete
416,2288,,,,2018-11-22 19:11:54,2019-02-10 05:47:46,Failure,,Resumed
13,1844,8689,17092,21687,2020-03-26 00:13:40,,Failure,Difficult,Pending
400,4873,2747,8295,9844,2018-11-05 09:52:33,2018-03-01 13:05:03,Incomplete,,Resumed
327,3545,430,17706,10355,2017-08-31 17:42:11,2020-01-13 01:53:59,Failure,Medium,InProgress
659,2012,,,,2019-08-22 08:33:22,,Incomplete,Difficult,Resumed
225,2209,,,,2019-07-06 21:57:45,,Incomplete,Difficult,InProgress
545,2110,,,,2018-06-28 18:41:38,2020-03-17 12:12:56,Failure,Easy,Interrupted
831,3263,,,,2018-12-26 21:53:42,2018-12-27 02:58:53,Success,Easy,Interrupted
913,250,2068,11091,28196,2019-12-31 14:13:45,,Incomplete,Difficult,Resumed
944,872,,,,2020-01-28 04:48:42,,Failure,Difficult,Complete
775,1734,3752,16358,39262,2019-12-10 16:00:09,,Failure,Difficult,Pending
321,4933,,,,2019-01-08 05:32:35,2018-09-20 14:09:23,Incomplete,,Interrupted
715,308,,,,2019-03-03 17:19:00,2017-09-11 09:27:24,Failure,Medium,InProgress
3,4554,4232,13139,31720,2017-08-05 10:45:00,,Success,Medium,Interrupted
504,4965,5296,2668,18074,2017-04-02 16:24:37,,Incomplete,Easy,Resumed
227,3047,3058,1150,42017,2019-02-25 01:59:27,2019-01-31 04:52:30,Success,Difficult,Pending
634,2346,,,,2019-05-28 08:06:34,2019-04-15 05:17:32,Failure,Easy,Interrupted
178,1633,5389,11820,8122,2019-02-12 03:05:08,2017-10-22 18:02:30,Success,Medium,Interrupted
654,2145,3713,18261,49373,2019-04-03 00:17:45,2019-03-16 20:23:59,Failure,Medium,InProgress
72,2135,1383,12282,4149,2019-03-19 18:09:00,2018-01-21 06:58:41,Success,Difficult,Complete
216,2959,3623,255,45483,2018-05-24 08:05:48,2018-06-14 04:57:46,Incomplete,Difficult,Interrupted
292,667,6553,900,36482,2019-10-31 13:23:35,2019-10-22 10:11:23,Failure,Difficult,Pending
306,531,6765,2013,3395,2017-07-20 05:53:20,2020-02-24 07:43:04,Incomplete,Easy,InProgress
873,1914,,,,2018-12-23 08:29:13,,Incomplete,Easy,InProgress
792,4078,,,,2017-09-12 05:48:33,2018-10-31 02:21:59,Success,Difficult,InProgress
393,4191,418,1859,4263,2018-02-24 08:48:50,2017-07-22 22:10:55,Incomplete,Medium,Pending
440,3252,,,,2019-09-22 16:36:41,2018-08-29 06:27:36,Failure,Easy,Pending
59,312,,,,2020-01-23 00:01:38,2018-10-14 18:08:08,Incomplete,Easy,Interrupted
555,4253,5199,2122,37105,2019-11-20 14:40:28,2017-10-03 00:05:14,Failure,Easy,Pending
484,4404,,,,2019-01-27 19:44:24,2018-03-19 16:39:08,Success,Medium,Complete
423,4934,4720,19783,49613,2017-11-18 14:03:08,2017-07-15 22:16:08,Incomplete,Difficult,Pending
571,1206,4225,16068,45969,2020-01-09 06:41:42,2018-12-22 21:54:56,Failure,Medium,Resumed
942,771,4387,16471,45552,2019-05-29 14:04:25,,Failure,Difficult,Pending
717,1969,7389,6039,33758,2018-02-05 20:32:25,,Success,Easy,InProgress
890,2257,,,,2019-12-21 03:48:50,2017-06-23 08:12:32,Failure,Medium,Interrupted
430,2903,5536,383,61,2019-01-06 02:18:59,2018-02-01 03:06:30,Failure,Easy,Resumed
618,2753,,,,2019-11-17 07:14:14,2019-09-27 20:59:57,Incomplete,Difficult,InProgress
843,1413,,,,2019-07-23 17:18:12,2017-11-15 10:20:23,Failure,Easy,Complete
287,4328,,,,2019-08-23 01:18:49,2020-03-07 21:08:26,Failure,Easy,Resumed
845,2049,7874,11839,31484,2018-12-03 21:00:00,2018-01-18 15:57:31,Success,Easy,Resumed
274,2743,,,,2020-01-23 19:17:46,2017-08-25 07:41:38,Incomplete,Medium,Pending
740,948,6460,15576,47271,2019-01-30 19:51:02,2019-11-10 08:59:01,Incomplete,Difficult,Resumed
964,750,4622,4111,28943,2019-04-03 07:07:40,2017-11-25 22:32:48,Success,,Interrupted
641,440,,,,2018-03-15 09:22:13,2019-06-24 15:12:48,Success,Easy,Resumed
286,1851,8791,3824,465,2017-08-12 05:04:03,2018-12-26 05:16:40,Failure,Difficult,Pending
892,1269,,,,2019-12-01 05:26:55,2019-08-26 04:39:18,Failure,Medium,InProgress
330,4142,,,,2019-01-02 07:59:08,2018-01-13 14:06:26,Success,Easy,Interrupted
126,2736,818,6526,3541,2018-05-20 10:16:01,2017-10-30 21:35:49,Failure,,Complete
576,4632,,,,2019-04-11 15:47:45,2019-12-05 03:37:55,Incomplete,Difficult,InProgress
52,4060,9287,9053,39947,2019-12-31 02:34:11,2020-01-02 16:20:29,Incomplete,Easy,Complete
53,1147,6120,14035,19864,2018-03-18 23:32:22,2019-03-24 02:52:36,Failure,Difficult,Pending
372,2234,9278,18920,27706,2018-03-18 14:04:31,,Incomplete,Medium,Interrupted
312,1478,5844,9440,19087,2019-06-21 02:53:19,2017-07-17 17:09:25,Failure,Difficult,InProgress
729,2203,8467,17656,35629,2020-02-20 02:12:43,2019-07-22 03:25:41,Incomplete,Difficult,Pending
565,1824,,,,2017-12-27 08:07:47,2018-07-17 02:07:36,Incomplete,Easy,Complete
837,1022,,,,2020-01-18 18:29:45,,Incomplete,Medium,Resumed
202,174,8886,258,3404,2018-12-04 12:26:33,2019-06-19 15:58:41,Incomplete,Difficult,Complete
245,4260,5109,8213,8623,2017-10-03 20:34:01,2018-05-20 15:46:38,Failure,Medium,Complete
108,4567,3488,15281,27195,2018-10-13 10:59:52,,Incomplete,Difficult,InProgress
845,4837,,,,2017-07-04 21:55:02,,Success,Easy,Resumed
372,1885,1562,15165,26180,2018-02-16 16:06:46,2019-11-03 13:19:53,Success,,InProgress
534,4014,,,,2019-07-04 08:59:37,,Incomplete,Medium,Interrupted
149,3091,,,,2020-02-22 03:06:20,2017-10-03 20:01:37,Success,Difficult,InProgress
